id,sensor,file_name,timestamp,range,y,x
1,6474,/workspace/data/cape_cod_bay/acoustics/6474/6474.220324121735.wav,17203.0,11701.6,-7434.47,-8925.22
1,6470,/workspace/data/cape_cod_bay/acoustics/6470/6470.220324121901.wav,17126.0,6591.91,-7434.47,-8925.22
1,6476,/workspace/data/cape_cod_bay/acoustics/6476/6476.220324121514.wav,17338.0,12209.38,-7434.47,-8925.22
1,6468,/workspace/data/cape_cod_bay/acoustics/6468/6468.220324121619.wav,17268.5,16682.54,-7434.47,-8925.22
2,6474,/workspace/data/cape_cod_bay/acoustics/6474/6474.220324121735.wav,17451.5,7285.14,5565.53,-4125.22
2,6468,/workspace/data/cape_cod_bay/acoustics/6468/6468.220324121619.wav,17553.0,8004.26,5565.53,-4125.22
2,6471,/workspace/data/cape_cod_bay/acoustics/6471/6471.220324121814.wav,17444.0,11534.63,5565.53,-4125.22
2,6476,/workspace/data/cape_cod_bay/acoustics/6476/6476.220324121514.wav,17576.0,2121.81,5565.53,-4125.22
3,6474,/workspace/data/cape_cod_bay/acoustics/6474/6474.220324121735.wav,17502.0,6770.82,-3634.47,5574.78
3,6471,/workspace/data/cape_cod_bay/acoustics/6471/6471.220324121814.wav,17493.0,1996.9,-3634.47,5574.78
3,6476,/workspace/data/cape_cod_bay/acoustics/6476/6476.220324121514.wav,17649.0,11475.79,-3634.47,5574.78
4,6468,/workspace/data/cape_cod_bay/acoustics/6468/6468.220324121619.wav,17608.0,18666.06,-3384.47,-13575.22
4,6474,/workspace/data/cape_cod_bay/acoustics/6474/6474.220324121735.wav,17518.5,13915.51,-3384.47,-13575.22
4,6476,/workspace/data/cape_cod_bay/acoustics/6476/6476.220324121514.wav,17683.5,12114.23,-3384.47,-13575.22
4,6470,/workspace/data/cape_cod_bay/acoustics/6470/6470.220324121901.wav,17446.0,10033.83,-3384.47,-13575.22
5,6468,/workspace/data/cape_cod_bay/acoustics/6468/6468.220324121619.wav,17618.5,14615.14,-2834.47,-9025.22
5,6476,/workspace/data/cape_cod_bay/acoustics/6476/6476.220324121514.wav,17667.0,8095.58,-2834.47,-9025.22
5,6470,/workspace/data/cape_cod_bay/acoustics/6470/6470.220324121901.wav,17461.0,5353.87,-2834.47,-9025.22
5,6471,/workspace/data/cape_cod_bay/acoustics/6471/6471.220324121814.wav,17467.5,12556.02,-2834.47,-9025.22
6,6474,/workspace/data/cape_cod_bay/acoustics/6474/6474.220324121735.wav,17852.0,5253.79,-584.47,5274.78
6,6468,/workspace/data/cape_cod_bay/acoustics/6468/6468.220324121619.wav,17950.5,4484.72,-584.47,5274.78
6,6471,/workspace/data/cape_cod_bay/acoustics/6471/6471.220324121814.wav,17835.5,3411.78,-584.47,5274.78
7,6471,/workspace/data/cape_cod_bay/acoustics/6471/6471.220324121814.wav,17843.0,4538.71,815.53,4424.78
7,6474,/workspace/data/cape_cod_bay/acoustics/6474/6474.220324121735.wav,17883.5,4849.89,815.53,4424.78
7,6470,/workspace/data/cape_cod_bay/acoustics/6470/6470.220324121901.wav,17809.5,8674.34,815.53,4424.78
7,6468,/workspace/data/cape_cod_bay/acoustics/6468/6468.220324121619.wav,17931.0,2825.94,815.53,4424.78
8,6474,/workspace/data/cape_cod_bay/acoustics/6474/6474.220324121735.wav,22650.0,3958.36,2765.53,2774.78
8,6471,/workspace/data/cape_cod_bay/acoustics/6471/6471.220324121814.wav,22743.0,6194.79,2765.53,2774.78
8,6468,/workspace/data/cape_cod_bay/acoustics/6468/6468.220324121619.wav,22849.0,1004.0,2765.53,2774.78
8,6476,/workspace/data/cape_cod_bay/acoustics/6476/6476.220324121514.wav,22899.0,6227.8,2765.53,2774.78
9,6474,/workspace/data/cape_cod_bay/acoustics/6474/6474.220324121735.wav,23288.5,4291.34,-4234.47,-1075.22
9,6470,/workspace/data/cape_cod_bay/acoustics/6470/6470.220324121901.wav,23202.5,2841.34,-4234.47,-1075.22
9,6471,/workspace/data/cape_cod_bay/acoustics/6471/6471.220324121814.wav,23318.5,4986.95,-4234.47,-1075.22
9,6476,/workspace/data/cape_cod_bay/acoustics/6476/6476.220324121514.wav,23470.0,8061.85,-4234.47,-1075.22
10,6471,/workspace/data/cape_cod_bay/acoustics/6471/6471.220324121814.wav,23291.5,3234.01,-1034.47,1524.78
10,6470,/workspace/data/cape_cod_bay/acoustics/6470/6470.220324121901.wav,23252.0,5575.81,-1034.47,1524.78
10,6468,/workspace/data/cape_cod_bay/acoustics/6468/6468.220324121619.wav,23448.5,4967.17,-1034.47,1524.78
11,6471,/workspace/data/cape_cod_bay/acoustics/6471/6471.220324121814.wav,23284.0,4614.17,1365.53,4724.78
11,6474,/workspace/data/cape_cod_bay/acoustics/6474/6474.220324121735.wav,23393.5,5216.89,1365.53,4724.78
11,6468,/workspace/data/cape_cod_bay/acoustics/6468/6468.220324121619.wav,23403.5,2064.88,1365.53,4724.78
12,6474,/workspace/data/cape_cod_bay/acoustics/6474/6474.220324121735.wav,24302.5,7258.86,-6684.47,424.78
12,6470,/workspace/data/cape_cod_bay/acoustics/6470/6470.220324121901.wav,24182.0,6375.06,-6684.47,424.78
12,6471,/workspace/data/cape_cod_bay/acoustics/6471/6471.220324121814.wav,24256.0,4869.46,-6684.47,424.78
12,6476,/workspace/data/cape_cod_bay/acoustics/6476/6476.220324121514.wav,24446.5,8890.17,-6684.47,424.78
12,6468,/workspace/data/cape_cod_bay/acoustics/6468/6468.220324121619.wav,24393.5,10914.8,-6684.47,424.78
13,6468,/workspace/data/cape_cod_bay/acoustics/6468/6468.220324121619.wav,24353.0,6851.74,-2384.47,-825.22
13,6471,/workspace/data/cape_cod_bay/acoustics/6471/6471.220324121814.wav,24182.5,4450.02,-2384.47,-825.22
13,6474,/workspace/data/cape_cod_bay/acoustics/6474/6474.220324121735.wav,24308.5,2828.14,-2384.47,-825.22
13,6470,/workspace/data/cape_cod_bay/acoustics/6470/6470.220324121901.wav,24104.0,2629.81,-2384.47,-825.22
14,6471,/workspace/data/cape_cod_bay/acoustics/6471/6471.220324121814.wav,24788.0,11897.77,-2484.47,-6875.22
14,6474,/workspace/data/cape_cod_bay/acoustics/6474/6474.220324121735.wav,24867.5,7611.92,-2484.47,-6875.22
14,6470,/workspace/data/cape_cod_bay/acoustics/6470/6470.220324121901.wav,24745.5,2009.05,-2484.47,-6875.22
14,6476,/workspace/data/cape_cod_bay/acoustics/6476/6476.220324121514.wav,25022.0,6394.91,-2484.47,-6875.22
15,6476,/workspace/data/cape_cod_bay/acoustics/6476/6476.220324121514.wav,25005.5,3393.76,1465.53,-1325.22
15,6468,/workspace/data/cape_cod_bay/acoustics/6468/6468.220324121619.wav,24937.5,5250.38,1465.53,-1325.22
15,6470,/workspace/data/cape_cod_bay/acoustics/6470/6470.220324121901.wav,24760.5,5310.53,1465.53,-1325.22
15,6471,/workspace/data/cape_cod_bay/acoustics/6471/6471.220324121814.wav,24771.5,7485.86,1465.53,-1325.22
16,6471,/workspace/data/cape_cod_bay/acoustics/6471/6471.220324121814.wav,24827.0,6966.68,65.53,-2575.22
16,6468,/workspace/data/cape_cod_bay/acoustics/6468/6468.220324121619.wav,24943.5,7041.67,65.53,-2575.22
16,6476,/workspace/data/cape_cod_bay/acoustics/6476/6476.220324121514.wav,24963.5,3280.82,65.53,-2575.22
16,6470,/workspace/data/cape_cod_bay/acoustics/6470/6470.220324121901.wav,24766.5,3527.67,65.53,-2575.22
17,6474,/workspace/data/cape_cod_bay/acoustics/6474/6474.220324121735.wav,25805.0,8088.59,2115.53,-8375.22
17,6476,/workspace/data/cape_cod_bay/acoustics/6476/6476.220324121514.wav,25959.5,5091.23,2115.53,-8375.22
17,6468,/workspace/data/cape_cod_bay/acoustics/6468/6468.220324121619.wav,25891.5,12432.3,2115.53,-8375.22
17,6470,/workspace/data/cape_cod_bay/acoustics/6470/6470.220324121901.wav,25732.5,7684.85,2115.53,-8375.22
18,6474,/workspace/data/cape_cod_bay/acoustics/6474/6474.220324121735.wav,26243.0,17660.43,-5434.47,-17325.22
18,6476,/workspace/data/cape_cod_bay/acoustics/6476/6476.220324121514.wav,26357.0,16505.38,-5434.47,-17325.22
18,6468,/workspace/data/cape_cod_bay/acoustics/6468/6468.220324121619.wav,26343.0,22991.22,-5434.47,-17325.22
18,6470,/workspace/data/cape_cod_bay/acoustics/6470/6470.220324121901.wav,26214.0,14170.95,-5434.47,-17325.22
19,6476,/workspace/data/cape_cod_bay/acoustics/6476/6476.220324121514.wav,26882.0,9364.31,7065.53,4924.78
19,6468,/workspace/data/cape_cod_bay/acoustics/6468/6468.220324121619.wav,26788.5,3522.29,7065.53,4924.78
19,6470,/workspace/data/cape_cod_bay/acoustics/6470/6470.220324121901.wav,26671.5,13314.94,7065.53,4924.78
19,6471,/workspace/data/cape_cod_bay/acoustics/6471/6471.220324121814.wav,26729.0,11010.79,7065.53,4924.78
20,6474,/workspace/data/cape_cod_bay/acoustics/6474/6474.220324121735.wav,28408.0,6376.88,6165.53,-2675.22
20,6470,/workspace/data/cape_cod_bay/acoustics/6470/6470.220324121901.wav,28323.5,9853.89,6165.53,-2675.22
20,6468,/workspace/data/cape_cod_bay/acoustics/6468/6468.220324121619.wav,28601.0,6858.03,6165.53,-2675.22
20,6471,/workspace/data/cape_cod_bay/acoustics/6471/6471.220324121814.wav,28405.0,11734.73,6165.53,-2675.22
21,6474,/workspace/data/cape_cod_bay/acoustics/6474/6474.220324121735.wav,28493.5,15312.56,-13884.47,-5975.22
21,6468,/workspace/data/cape_cod_bay/acoustics/6468/6468.220324121619.wav,28497.5,19570.49,-13884.47,-5975.22
21,6471,/workspace/data/cape_cod_bay/acoustics/6471/6471.220324121814.wav,28439.5,14184.49,-13884.47,-5975.22
22,6468,/workspace/data/cape_cod_bay/acoustics/6468/6468.220327001530.wav,8892.5,3451.7,2015.53,824.78
22,6470,/workspace/data/cape_cod_bay/acoustics/6470/6470.220327001757.wav,8745.5,7222.83,2015.53,824.78
22,6471,/workspace/data/cape_cod_bay/acoustics/6471/6471.220327001720.wav,8770.5,6250.5,2015.53,824.78
22,6476,/workspace/data/cape_cod_bay/acoustics/6476/6476.220327001401.wav,8951.5,4799.2,2015.53,824.78
23,6476,/workspace/data/cape_cod_bay/acoustics/6476/6476.220327001401.wav,9008.5,12225.68,5715.53,8174.78
23,6474,/workspace/data/cape_cod_bay/acoustics/6474/6474.220327001632.wav,8865.0,10317.38,5715.53,8174.78
23,6470,/workspace/data/cape_cod_bay/acoustics/6470/6470.220327001757.wav,8715.5,15020.84,5715.53,8174.78
23,6468,/workspace/data/cape_cod_bay/acoustics/6468/6468.220327001530.wav,9005.0,4260.75,5715.53,8174.78
24,6474,/workspace/data/cape_cod_bay/acoustics/6474/6474.220327001632.wav,11027.0,3179.98,3215.53,224.78
24,6471,/workspace/data/cape_cod_bay/acoustics/6471/6471.220327001720.wav,10961.0,7580.6,3215.53,224.78
24,6476,/workspace/data/cape_cod_bay/acoustics/6476/6476.220327001401.wav,11160.0,3497.57,3215.53,224.78
24,6468,/workspace/data/cape_cod_bay/acoustics/6468/6468.220327001530.wav,11075.5,3144.8,3215.53,224.78
25,6474,/workspace/data/cape_cod_bay/acoustics/6474/6474.220327001632.wav,14306.0,10265.86,-10834.47,374.78
25,6476,/workspace/data/cape_cod_bay/acoustics/6476/6476.220327001401.wav,14446.5,15173.32,-10834.47,374.78
25,6471,/workspace/data/cape_cod_bay/acoustics/6471/6471.220327001720.wav,14219.0,7960.75,-10834.47,374.78
25,6468,/workspace/data/cape_cod_bay/acoustics/6468/6468.220327001530.wav,14368.0,15038.26,-10834.47,374.78
26,6474,/workspace/data/cape_cod_bay/acoustics/6474/6474.220327001632.wav,15474.0,9102.74,-8884.47,3324.78
26,6476,/workspace/data/cape_cod_bay/acoustics/6476/6476.220327001401.wav,15598.0,14431.21,-8884.47,3324.78
26,6471,/workspace/data/cape_cod_bay/acoustics/6471/6471.220327001720.wav,15343.5,5271.75,-8884.47,3324.78
26,6468,/workspace/data/cape_cod_bay/acoustics/6468/6468.220327001530.wav,15482.0,12581.41,-8884.47,3324.78
27,6474,/workspace/data/cape_cod_bay/acoustics/6474/6474.220327001632.wav,16857.0,11205.73,-10334.47,3374.78
27,6468,/workspace/data/cape_cod_bay/acoustics/6468/6468.220327001530.wav,16920.5,13727.72,-10334.47,3374.78
27,6470,/workspace/data/cape_cod_bay/acoustics/6470/6470.220327001757.wav,16785.5,9529.17,-10334.47,3374.78
27,6471,/workspace/data/cape_cod_bay/acoustics/6471/6471.220327001720.wav,16780.5,6712.21,-10334.47,3374.78
28,6474,/workspace/data/cape_cod_bay/acoustics/6474/6474.220329121554.wav,11010.0,4025.34,3715.53,-1725.22
28,6476,/workspace/data/cape_cod_bay/acoustics/6476/6476.220329121318.wav,11248.5,1676.55,3715.53,-1725.22
28,6468,/workspace/data/cape_cod_bay/acoustics/6468/6468.220329121454.wav,11118.0,5240.39,3715.53,-1725.22
28,6470,/workspace/data/cape_cod_bay/acoustics/6470/6470.220329121726.wav,11033.5,7569.62,3715.53,-1725.22
29,6470,/workspace/data/cape_cod_bay/acoustics/6470/6470.220330121716.wav,36010.5,7244.42,-6834.47,2774.78
29,6471,/workspace/data/cape_cod_bay/acoustics/6471/6471.220330121633.wav,36022.0,3360.9,-6834.47,2774.78
29,6476,/workspace/data/cape_cod_bay/acoustics/6476/6476.220330121308.wav,36245.0,11870.1,-6834.47,2774.78
29,6468,/workspace/data/cape_cod_bay/acoustics/6468/6468.220330121440.wav,36148.5,10615.82,-6834.47,2774.78
30,6474,/workspace/data/cape_cod_bay/acoustics/6474/6474.220331001536.wav,29555.5,6373.89,-6484.47,-1325.22
30,6470,/workspace/data/cape_cod_bay/acoustics/6470/6470.220331001710.wav,29463.0,3269.53,-6484.47,-1325.22
30,6471,/workspace/data/cape_cod_bay/acoustics/6471/6471.220331001626.wav,29481.5,5728.68,-6484.47,-1325.22
30,6476,/workspace/data/cape_cod_bay/acoustics/6476/6476.220331001304.wav,29700.0,10964.32,-6484.47,-1325.22
30,6468,/workspace/data/cape_cod_bay/acoustics/6468/6468.220331001435.wav,29607.5,11034.61,-6484.47,-1325.22
31,6474,/workspace/data/cape_cod_bay/acoustics/6474/6474.220331121531.wav,1286.0,16909.87,14965.53,7974.78
31,6476,/workspace/data/cape_cod_bay/acoustics/6476/6476.220331121258.wav,1439.0,16077.84,14965.53,7974.78
31,6468,/workspace/data/cape_cod_bay/acoustics/6468/6468.220331121429.wav,1388.5,12846.71,14965.53,7974.78
31,6471,/workspace/data/cape_cod_bay/acoustics/6471/6471.220331121620.wav,1177.0,18547.9,14965.53,7974.78
32,6474,/workspace/data/cape_cod_bay/acoustics/6474/6474.220331121531.wav,1344.0,14137.0,11115.53,-8775.22
32,6468,/workspace/data/cape_cod_bay/acoustics/6468/6468.220331121429.wav,1452.5,14563.03,11115.53,-8775.22
32,6470,/workspace/data/cape_cod_bay/acoustics/6470/6470.220331121705.wav,1256.0,15584.54,11115.53,-8775.22
32,6471,/workspace/data/cape_cod_bay/acoustics/6471/6471.220331121620.wav,1290.5,19110.72,11115.53,-8775.22
33,6471,/workspace/data/cape_cod_bay/acoustics/6471/6471.220331121620.wav,1344.5,19027.64,16015.53,4424.78
33,6476,/workspace/data/cape_cod_bay/acoustics/6476/6476.220331121258.wav,1495.5,14824.91,16015.53,4424.78
33,6474,/workspace/data/cape_cod_bay/acoustics/6474/6474.220331121531.wav,1416.0,16515.35,16015.53,4424.78
33,6468,/workspace/data/cape_cod_bay/acoustics/6468/6468.220331121429.wav,1409.0,13172.16,16015.53,4424.78
34,6474,/workspace/data/cape_cod_bay/acoustics/6474/6474.220331121531.wav,1677.5,7046.7,6765.53,-2325.22
34,6470,/workspace/data/cape_cod_bay/acoustics/6470/6470.220331121705.wav,1591.0,11083.57,6765.53,-2325.22
34,6476,/workspace/data/cape_cod_bay/acoustics/6476/6476.220331121258.wav,1808.0,2864.01,6765.53,-2325.22
34,6468,/workspace/data/cape_cod_bay/acoustics/6468/6468.220331121429.wav,1723.0,6643.71,6765.53,-2325.22
35,6474,/workspace/data/cape_cod_bay/acoustics/6474/6474.220331121531.wav,2053.0,14920.17,-6934.47,-13175.22
35,6471,/workspace/data/cape_cod_bay/acoustics/6471/6471.220331121620.wav,1981.5,17330.78,-6934.47,-13175.22
35,6476,/workspace/data/cape_cod_bay/acoustics/6476/6476.220331121258.wav,2194.0,14543.8,-6934.47,-13175.22
35,6468,/workspace/data/cape_cod_bay/acoustics/6468/6468.220331121429.wav,2095.5,19248.23,-6934.47,-13175.22
36,6474,/workspace/data/cape_cod_bay/acoustics/6474/6474.220403001501.wav,1912.0,3465.86,3315.53,1474.78
36,6470,/workspace/data/cape_cod_bay/acoustics/6470/6470.220403001639.wav,1809.5,9061.49,3315.53,1474.78
36,6471,/workspace/data/cape_cod_bay/acoustics/6471/6471.220403001554.wav,1814.0,6835.25,3315.53,1474.78
36,6476,/workspace/data/cape_cod_bay/acoustics/6476/6476.220403001229.wav,2014.5,4612.56,3315.53,1474.78
37,6476,/workspace/data/cape_cod_bay/acoustics/6476/6476.220403001229.wav,2038.5,12924.44,-8134.47,1074.78
37,6468,/workspace/data/cape_cod_bay/acoustics/6468/6468.220403001357.wav,1938.5,12159.29,-8134.47,1074.78
37,6470,/workspace/data/cape_cod_bay/acoustics/6470/6470.220403001639.wav,1800.5,6089.13,-8134.47,1074.78
37,6471,/workspace/data/cape_cod_bay/acoustics/6471/6471.220403001554.wav,1784.0,4866.31,-8134.47,1074.78
38,6474,/workspace/data/cape_cod_bay/acoustics/6474/6474.220403001501.wav,2471.0,7060.0,-6684.47,2524.78
38,6470,/workspace/data/cape_cod_bay/acoustics/6470/6470.220403001639.wav,2412.0,6924.28,-6684.47,2524.78
38,6471,/workspace/data/cape_cod_bay/acoustics/6471/6471.220403001554.wav,2518.5,3515.75,-6684.47,2524.78
38,6476,/workspace/data/cape_cod_bay/acoustics/6476/6476.220403001229.wav,2693.5,11816.15,-6684.47,2524.78
38,6468,/workspace/data/cape_cod_bay/acoustics/6468/6468.220403001357.wav,2499.0,10079.36,-6684.47,2524.78
39,6474,/workspace/data/cape_cod_bay/acoustics/6474/6474.220403001501.wav,2520.5,10488.49,-8734.47,5824.78
39,6470,/workspace/data/cape_cod_bay/acoustics/6470/6470.220403001639.wav,2433.0,10927.57,-8734.47,5824.78
39,6471,/workspace/data/cape_cod_bay/acoustics/6471/6471.220403001554.wav,2386.5,6151.54,-8734.47,5824.78
39,6476,/workspace/data/cape_cod_bay/acoustics/6476/6476.220403001229.wav,2651.5,14745.92,-8734.47,5824.78
39,6468,/workspace/data/cape_cod_bay/acoustics/6468/6468.220403001357.wav,2563.5,12392.98,-8734.47,5824.78
40,6468,/workspace/data/cape_cod_bay/acoustics/6468/6468.220403001357.wav,2599.5,15298.63,-11384.47,5474.78
40,6474,/workspace/data/cape_cod_bay/acoustics/6474/6474.220403001501.wav,2541.5,12771.28,-11384.47,5474.78
40,6471,/workspace/data/cape_cod_bay/acoustics/6471/6471.220403001554.wav,2428.5,7663.72,-11384.47,5474.78
41,6470,/workspace/data/cape_cod_bay/acoustics/6470/6470.220403001639.wav,5622.0,5845.32,1365.53,324.78
41,6468,/workspace/data/cape_cod_bay/acoustics/6468/6468.220403001357.wav,5817.0,3648.97,1365.53,324.78
41,6471,/workspace/data/cape_cod_bay/acoustics/6471/6471.220403001554.wav,5661.0,6153.67,1365.53,324.78
41,6476,/workspace/data/cape_cod_bay/acoustics/6476/6476.220403001229.wav,5887.0,4566.37,1365.53,324.78
42,6474,/workspace/data/cape_cod_bay/acoustics/6474/6474.220403001501.wav,7946.5,3353.52,-3634.47,174.78
42,6470,/workspace/data/cape_cod_bay/acoustics/6470/6470.220403001639.wav,7925.0,4105.51,-3634.47,174.78
42,6471,/workspace/data/cape_cod_bay/acoustics/6471/6471.220403001554.wav,7866.5,3979.16,-3634.47,174.78
42,6476,/workspace/data/cape_cod_bay/acoustics/6476/6476.220403001229.wav,8166.0,8358.56,-3634.47,174.78
43,6474,/workspace/data/cape_cod_bay/acoustics/6474/6474.220403001501.wav,8721.0,10393.32,-10334.47,-825.22
43,6468,/workspace/data/cape_cod_bay/acoustics/6468/6468.220403001357.wav,8773.0,14569.05,-10334.47,-825.22
43,6476,/workspace/data/cape_cod_bay/acoustics/6476/6476.220403001229.wav,8880.5,14122.96,-10334.47,-825.22
43,6470,/workspace/data/cape_cod_bay/acoustics/6470/6470.220403001639.wav,8582.5,7351.7,-10334.47,-825.22
44,6474,/workspace/data/cape_cod_bay/acoustics/6474/6474.220403001501.wav,11505.0,4933.03,-5484.47,-725.22
44,6470,/workspace/data/cape_cod_bay/acoustics/6470/6470.220403001639.wav,11365.0,3373.0,-5484.47,-725.22
44,6471,/workspace/data/cape_cod_bay/acoustics/6471/6471.220403001554.wav,11425.0,4945.12,-5484.47,-725.22
44,6476,/workspace/data/cape_cod_bay/acoustics/6476/6476.220403001229.wav,11724.5,9930.94,-5484.47,-725.22
45,6474,/workspace/data/cape_cod_bay/acoustics/6474/6474.220403001501.wav,14068.0,7200.95,1415.53,6874.78
45,6470,/workspace/data/cape_cod_bay/acoustics/6470/6470.220403001639.wav,13839.5,11378.31,1415.53,6874.78
45,6471,/workspace/data/cape_cod_bay/acoustics/6471/6471.220403001554.wav,13986.5,5911.57,1415.53,6874.78
45,6468,/workspace/data/cape_cod_bay/acoustics/6468/6468.220403001357.wav,14093.0,3882.89,1415.53,6874.78
46,6474,/workspace/data/cape_cod_bay/acoustics/6474/6474.220403001501.wav,14621.0,6177.72,5815.53,-525.22
46,6471,/workspace/data/cape_cod_bay/acoustics/6471/6471.220403001554.wav,14647.5,10111.04,5815.53,-525.22
46,6476,/workspace/data/cape_cod_bay/acoustics/6476/6476.220403001229.wav,14764.0,3530.15,5815.53,-525.22
46,6468,/workspace/data/cape_cod_bay/acoustics/6468/6468.220403001357.wav,14734.5,4538.78,5815.53,-525.22
47,6476,/workspace/data/cape_cod_bay/acoustics/6476/6476.220403001229.wav,15647.5,3734.18,1015.53,-425.22
47,6468,/workspace/data/cape_cod_bay/acoustics/6468/6468.220403001357.wav,15591.0,4588.62,1015.53,-425.22
47,6470,/workspace/data/cape_cod_bay/acoustics/6470/6470.220403001639.wav,15411.0,5419.68,1015.53,-425.22
47,6471,/workspace/data/cape_cod_bay/acoustics/6471/6471.220403001554.wav,15453.0,5876.8,1015.53,-425.22
48,6468,/workspace/data/cape_cod_bay/acoustics/6468/6468.220403001357.wav,15727.0,4253.05,-334.47,2374.78
48,6474,/workspace/data/cape_cod_bay/acoustics/6474/6474.220403001501.wav,15705.0,2561.1,-334.47,2374.78
48,6470,/workspace/data/cape_cod_bay/acoustics/6470/6470.220403001639.wav,15590.5,6681.13,-334.47,2374.78
48,6471,/workspace/data/cape_cod_bay/acoustics/6471/6471.220403001554.wav,15604.0,3610.43,-334.47,2374.78
49,6474,/workspace/data/cape_cod_bay/acoustics/6474/6474.220403001501.wav,15673.5,3444.15,-834.47,3274.78
49,6468,/workspace/data/cape_cod_bay/acoustics/6468/6468.220403001357.wav,15757.0,4730.09,-834.47,3274.78
49,6471,/workspace/data/cape_cod_bay/acoustics/6471/6471.220403001554.wav,15629.5,3086.96,-834.47,3274.78
50,6474,/workspace/data/cape_cod_bay/acoustics/6474/6474.220403001501.wav,17765.5,2296.64,-1984.47,524.78
50,6470,/workspace/data/cape_cod_bay/acoustics/6470/6470.220403001639.wav,17670.5,4168.46,-1984.47,524.78
50,6471,/workspace/data/cape_cod_bay/acoustics/6471/6471.220403001554.wav,17667.5,3450.47,-1984.47,524.78
50,6468,/workspace/data/cape_cod_bay/acoustics/6468/6468.220403001357.wav,17805.5,6040.94,-1984.47,524.78
51,6468,/workspace/data/cape_cod_bay/acoustics/6468/6468.220403001357.wav,18403.5,11682.24,-7634.47,574.78
51,6476,/workspace/data/cape_cod_bay/acoustics/6476/6476.220403001229.wav,18505.0,11521.97,-7634.47,574.78
51,6470,/workspace/data/cape_cod_bay/acoustics/6470/6470.220403001639.wav,18259.5,6101.12,-7634.47,574.78
51,6471,/workspace/data/cape_cod_bay/acoustics/6471/6471.220403001554.wav,18267.0,5170.25,-7634.47,574.78
52,6476,/workspace/data/cape_cod_bay/acoustics/6476/6476.220403001229.wav,18520.0,12631.04,-9584.47,-1825.22
52,6470,/workspace/data/cape_cod_bay/acoustics/6470/6470.220403001639.wav,18282.0,6786.56,-9584.47,-1825.22
52,6468,/workspace/data/cape_cod_bay/acoustics/6468/6468.220403001357.wav,18426.0,14300.98,-9584.47,-1825.22
52,6471,/workspace/data/cape_cod_bay/acoustics/6471/6471.220403001554.wav,18295.5,8150.72,-9584.47,-1825.22
53,6468,/workspace/data/cape_cod_bay/acoustics/6468/6468.220403001357.wav,22832.5,9656.2,-6234.47,4524.78
53,6474,/workspace/data/cape_cod_bay/acoustics/6474/6474.220403001501.wav,22783.5,8331.86,-6234.47,4524.78
53,6470,/workspace/data/cape_cod_bay/acoustics/6470/6470.220403001639.wav,22598.5,8381.97,-6234.47,4524.78
53,6476,/workspace/data/cape_cod_bay/acoustics/6476/6476.220403001229.wav,22931.0,12217.21,-6234.47,4524.78
54,6474,/workspace/data/cape_cod_bay/acoustics/6474/6474.220403001501.wav,23285.5,8448.7,-6784.47,-5925.22
54,6476,/workspace/data/cape_cod_bay/acoustics/6476/6476.220403001229.wav,23427.0,10489.08,-6784.47,-5925.22
54,6468,/workspace/data/cape_cod_bay/acoustics/6468/6468.220403001357.wav,23348.0,14776.59,-6784.47,-5925.22
54,6471,/workspace/data/cape_cod_bay/acoustics/6471/6471.220403001554.wav,23214.5,9912.7,-6784.47,-5925.22
55,6476,/workspace/data/cape_cod_bay/acoustics/6476/6476.220403121223.wav,40709.5,6176.69,-2084.47,-5675.22
55,6471,/workspace/data/cape_cod_bay/acoustics/6471/6471.220403121549.wav,40581.5,10212.43,-2084.47,-5675.22
55,6474,/workspace/data/cape_cod_bay/acoustics/6474/6474.220403121456.wav,40675.0,5364.14,-2084.47,-5675.22
55,6470,/workspace/data/cape_cod_bay/acoustics/6470/6470.220403121634.wav,40548.5,2280.75,-2084.47,-5675.22
56,6474,/workspace/data/cape_cod_bay/acoustics/6474/6474.220403121456.wav,40627.0,10196.63,-5934.47,7774.78
56,6476,/workspace/data/cape_cod_bay/acoustics/6476/6476.220403121223.wav,40795.0,14691.16,-5934.47,7774.78
56,6468,/workspace/data/cape_cod_bay/acoustics/6468/6468.220403121351.wav,40719.0,10239.8,-5934.47,7774.78
56,6471,/workspace/data/cape_cod_bay/acoustics/6471/6471.220403121549.wav,40616.0,4484.88,-5934.47,7774.78
57,6468,/workspace/data/cape_cod_bay/acoustics/6468/6468.220403121351.wav,40684.5,6173.95,6365.53,9824.78
57,6474,/workspace/data/cape_cod_bay/acoustics/6474/6474.220403121456.wav,40648.0,12527.86,6365.53,9824.78
57,6476,/workspace/data/cape_cod_bay/acoustics/6476/6476.220403121223.wav,40804.0,13686.58,6365.53,9824.78
57,6471,/workspace/data/cape_cod_bay/acoustics/6471/6471.220403121549.wav,40524.5,11476.3,6365.53,9824.78
58,6476,/workspace/data/cape_cod_bay/acoustics/6476/6476.220404001218.wav,22876.5,2708.43,715.53,-4175.22
58,6470,/workspace/data/cape_cod_bay/acoustics/6470/6470.220404001629.wav,22646.5,4525.43,715.53,-4175.22
58,6468,/workspace/data/cape_cod_bay/acoustics/6468/6468.220404001346.wav,22790.0,8684.07,715.53,-4175.22
58,6471,/workspace/data/cape_cod_bay/acoustics/6471/6471.220404001544.wav,22663.0,8349.16,715.53,-4175.22
59,6476,/workspace/data/cape_cod_bay/acoustics/6476/6476.220404121213.wav,15780.5,6103.68,1615.53,2074.78
59,6470,/workspace/data/cape_cod_bay/acoustics/6470/6470.220404121624.wav,15526.5,7695.6,1615.53,2074.78
59,6468,/workspace/data/cape_cod_bay/acoustics/6468/6468.220404121340.wav,15701.0,2744.28,1615.53,2074.78
59,6471,/workspace/data/cape_cod_bay/acoustics/6471/6471.220404121539.wav,15559.5,5569.36,1615.53,2074.78
60,6476,/workspace/data/cape_cod_bay/acoustics/6476/6476.220404121213.wav,15791.0,4207.0,-434.47,-975.22
60,6470,/workspace/data/cape_cod_bay/acoustics/6470/6470.220404121624.wav,15541.5,3340.66,-434.47,-975.22
60,6471,/workspace/data/cape_cod_bay/acoustics/6471/6471.220404121539.wav,15550.5,5079.02,-434.47,-975.22
60,6468,/workspace/data/cape_cod_bay/acoustics/6468/6468.220404121340.wav,15690.5,5552.99,-434.47,-975.22
61,6474,/workspace/data/cape_cod_bay/acoustics/6474/6474.220404121444.wav,15657.5,5072.72,-4134.47,-2675.22
61,6471,/workspace/data/cape_cod_bay/acoustics/6471/6471.220404121539.wav,15628.0,6503.1,-4134.47,-2675.22
61,6476,/workspace/data/cape_cod_bay/acoustics/6476/6476.220404121213.wav,15849.0,7865.53,-4134.47,-2675.22
61,6468,/workspace/data/cape_cod_bay/acoustics/6468/6468.220404121340.wav,15760.5,9427.22,-4134.47,-2675.22
62,6474,/workspace/data/cape_cod_bay/acoustics/6474/6474.220404121444.wav,30375.0,3611.86,-1334.47,2774.78
62,6470,/workspace/data/cape_cod_bay/acoustics/6470/6470.220404121624.wav,30284.0,6616.54,-1334.47,2774.78
62,6471,/workspace/data/cape_cod_bay/acoustics/6471/6471.220404121539.wav,30294.5,2564.35,-1334.47,2774.78
62,6476,/workspace/data/cape_cod_bay/acoustics/6476/6476.220404121213.wav,30484.0,7513.09,-1334.47,2774.78
62,6468,/workspace/data/cape_cod_bay/acoustics/6468/6468.220404121340.wav,30424.0,5179.85,-1334.47,2774.78
63,6474,/workspace/data/cape_cod_bay/acoustics/6474/6474.220405001437.wav,13156.5,3055.11,-2984.47,524.78
63,6470,/workspace/data/cape_cod_bay/acoustics/6470/6470.220405001620.wav,13056.5,3891.2,-2984.47,524.78
63,6471,/workspace/data/cape_cod_bay/acoustics/6471/6471.220405001533.wav,13072.0,2917.08,-2984.47,524.78
63,6468,/workspace/data/cape_cod_bay/acoustics/6468/6468.220405001334.wav,13087.5,7127.64,-2984.47,524.78
64,6474,/workspace/data/cape_cod_bay/acoustics/6474/6474.220405001437.wav,13631.5,2072.52,-584.47,-1375.22
64,6470,/workspace/data/cape_cod_bay/acoustics/6470/6470.220405001620.wav,13531.5,3702.09,-584.47,-1375.22
64,6476,/workspace/data/cape_cod_bay/acoustics/6476/6476.220405001208.wav,13810.5,3958.13,-584.47,-1375.22
64,6471,/workspace/data/cape_cod_bay/acoustics/6471/6471.220405001533.wav,13650.5,4884.8,-584.47,-1375.22
65,6474,/workspace/data/cape_cod_bay/acoustics/6474/6474.220405001437.wav,13703.5,1736.21,-934.47,574.78
65,6470,/workspace/data/cape_cod_bay/acoustics/6470/6470.220405001620.wav,13632.0,4618.88,-934.47,574.78
65,6471,/workspace/data/cape_cod_bay/acoustics/6471/6471.220405001533.wav,13698.5,4321.93,-934.47,574.78
65,6476,/workspace/data/cape_cod_bay/acoustics/6476/6476.220405001208.wav,13870.5,5874.97,-934.47,574.78
65,6468,/workspace/data/cape_cod_bay/acoustics/6468/6468.220405001334.wav,13783.0,4957.98,-934.47,574.78
66,6474,/workspace/data/cape_cod_bay/acoustics/6474/6474.220405001437.wav,13693.0,2793.33,-684.47,2374.78
66,6470,/workspace/data/cape_cod_bay/acoustics/6470/6470.220405001620.wav,13617.0,6750.84,-684.47,2374.78
66,6471,/workspace/data/cape_cod_bay/acoustics/6471/6471.220405001533.wav,13607.0,3154.37,-684.47,2374.78
66,6476,/workspace/data/cape_cod_bay/acoustics/6476/6476.220405001208.wav,13828.5,6827.51,-684.47,2374.78
66,6468,/workspace/data/cape_cod_bay/acoustics/6468/6468.220405001334.wav,13754.5,4752.96,-684.47,2374.78
67,6470,/workspace/data/cape_cod_bay/acoustics/6470/6470.220405001620.wav,14139.0,3050.66,-384.47,-2475.22
67,6474,/workspace/data/cape_cod_bay/acoustics/6474/6474.220405001437.wav,14239.0,2644.98,-384.47,-2475.22
67,6476,/workspace/data/cape_cod_bay/acoustics/6476/6476.220405001208.wav,14322.0,3963.38,-384.47,-2475.22
67,6468,/workspace/data/cape_cod_bay/acoustics/6468/6468.220405001334.wav,14261.5,6879.91,-384.47,-2475.22
68,6471,/workspace/data/cape_cod_bay/acoustics/6471/6471.220405001533.wav,14178.5,2695.8,-2534.47,874.78
68,6470,/workspace/data/cape_cod_bay/acoustics/6470/6470.220405001620.wav,14037.0,4158.38,-2534.47,874.78
68,6476,/workspace/data/cape_cod_bay/acoustics/6476/6476.220405001208.wav,14377.5,7509.29,-2534.47,874.78
68,6468,/workspace/data/cape_cod_bay/acoustics/6468/6468.220405001334.wav,14287.0,6416.07,-2534.47,874.78
69,6474,/workspace/data/cape_cod_bay/acoustics/6474/6474.220405001437.wav,18119.0,2401.36,-2484.47,-325.22
69,6470,/workspace/data/cape_cod_bay/acoustics/6470/6470.220405001620.wav,17977.0,3366.01,-2484.47,-325.22
69,6471,/workspace/data/cape_cod_bay/acoustics/6471/6471.220405001533.wav,17983.5,4162.38,-2484.47,-325.22
69,6476,/workspace/data/cape_cod_bay/acoustics/6476/6476.220405001208.wav,18272.5,6919.07,-2484.47,-325.22
70,6474,/workspace/data/cape_cod_bay/acoustics/6474/6474.220405121432.wav,39758.5,9245.64,-7434.47,4524.78
70,6470,/workspace/data/cape_cod_bay/acoustics/6470/6470.220405121615.wav,39691.5,9001.12,-7434.47,4524.78
70,6476,/workspace/data/cape_cod_bay/acoustics/6476/6476.220405121204.wav,39927.5,13067.74,-7434.47,4524.78
70,6468,/workspace/data/cape_cod_bay/acoustics/6468/6468.220405121329.wav,39886.0,10924.93,-7434.47,4524.78
71,6474,/workspace/data/cape_cod_bay/acoustics/6474/6474.220406121423.wav,19032.0,10425.28,-10284.47,-175.22
71,6470,/workspace/data/cape_cod_bay/acoustics/6470/6470.220406121604.wav,18935.5,7912.46,-10284.47,-175.22
71,6471,/workspace/data/cape_cod_bay/acoustics/6471/6471.220406121515.wav,18950.0,8634.98,-10284.47,-175.22
71,6476,/workspace/data/cape_cod_bay/acoustics/6476/6476.220406121156.wav,19168.5,14054.76,-10284.47,-175.22
71,6468,/workspace/data/cape_cod_bay/acoustics/6468/6468.220406121318.wav,19082.0,13095.46,-10284.47,-175.22
72,6474,/workspace/data/cape_cod_bay/acoustics/6474/6474.220406121423.wav,24224.5,6294.74,-6384.47,-225.22
72,6470,/workspace/data/cape_cod_bay/acoustics/6470/6470.220406121604.wav,24131.0,4643.99,-6384.47,-225.22
72,6471,/workspace/data/cape_cod_bay/acoustics/6471/6471.220406121515.wav,24196.5,5195.01,-6384.47,-225.22
72,6468,/workspace/data/cape_cod_bay/acoustics/6468/6468.220406121318.wav,24274.5,10181.57,-6384.47,-225.22
73,6474,/workspace/data/cape_cod_bay/acoustics/6474/6474.220406121423.wav,28395.0,5572.97,-5534.47,-175.22
73,6476,/workspace/data/cape_cod_bay/acoustics/6476/6476.220406121156.wav,28507.5,9728.32,-5534.47,-175.22
73,6470,/workspace/data/cape_cod_bay/acoustics/6470/6470.220406121604.wav,28297.0,3816.32,-5534.47,-175.22
73,6468,/workspace/data/cape_cod_bay/acoustics/6468/6468.220406121318.wav,28424.0,9703.64,-5534.47,-175.22
74,6471,/workspace/data/cape_cod_bay/acoustics/6471/6471.220406121515.wav,28338.5,5606.86,-5834.47,-1125.22
74,6476,/workspace/data/cape_cod_bay/acoustics/6476/6476.220406121156.wav,28530.0,9565.76,-5834.47,-1125.22
74,6470,/workspace/data/cape_cod_bay/acoustics/6470/6470.220406121604.wav,28289.5,3600.79,-5834.47,-1125.22
74,6468,/workspace/data/cape_cod_bay/acoustics/6468/6468.220406121318.wav,28437.5,10177.15,-5834.47,-1125.22
75,6474,/workspace/data/cape_cod_bay/acoustics/6474/6474.220406121423.wav,28486.0,8044.92,-7284.47,-3925.22
75,6470,/workspace/data/cape_cod_bay/acoustics/6470/6470.220406121604.wav,28386.5,4269.41,-7284.47,-3925.22
75,6476,/workspace/data/cape_cod_bay/acoustics/6476/6476.220406121156.wav,28636.0,10463.38,-7284.47,-3925.22
75,6471,/workspace/data/cape_cod_bay/acoustics/6471/6471.220406121515.wav,28422.0,8472.5,-7284.47,-3925.22
76,6474,/workspace/data/cape_cod_bay/acoustics/6474/6474.220406121423.wav,28502.5,7448.13,-6934.47,474.78
76,6470,/workspace/data/cape_cod_bay/acoustics/6470/6470.220406121604.wav,28427.0,4893.89,-6934.47,474.78
76,6471,/workspace/data/cape_cod_bay/acoustics/6471/6471.220406121515.wav,28438.5,4739.96,-6934.47,474.78
76,6476,/workspace/data/cape_cod_bay/acoustics/6476/6476.220406121156.wav,28622.5,11450.22,-6934.47,474.78
76,6468,/workspace/data/cape_cod_bay/acoustics/6468/6468.220406121318.wav,28552.5,10201.1,-6934.47,474.78
77,6471,/workspace/data/cape_cod_bay/acoustics/6471/6471.220406121515.wav,28456.5,4901.08,-5684.47,-575.22
77,6470,/workspace/data/cape_cod_bay/acoustics/6470/6470.220406121604.wav,28403.0,3936.0,-5684.47,-575.22
77,6476,/workspace/data/cape_cod_bay/acoustics/6476/6476.220406121156.wav,28628.5,9507.88,-5684.47,-575.22
77,6468,/workspace/data/cape_cod_bay/acoustics/6468/6468.220406121318.wav,28536.0,10006.93,-5684.47,-575.22
78,6474,/workspace/data/cape_cod_bay/acoustics/6474/6474.220406121423.wav,29393.5,7642.84,-7034.47,-875.22
78,6471,/workspace/data/cape_cod_bay/acoustics/6471/6471.220406121515.wav,29404.5,5851.65,-7034.47,-875.22
78,6470,/workspace/data/cape_cod_bay/acoustics/6470/6470.220406121604.wav,29297.0,4325.93,-7034.47,-875.22
78,6468,/workspace/data/cape_cod_bay/acoustics/6468/6468.220406121318.wav,29443.5,10766.06,-7034.47,-875.22
79,6474,/workspace/data/cape_cod_bay/acoustics/6474/6474.220406121423.wav,29408.5,6563.83,-6634.47,1024.78
79,6470,/workspace/data/cape_cod_bay/acoustics/6470/6470.220406121604.wav,29310.5,5405.49,-6634.47,1024.78
79,6471,/workspace/data/cape_cod_bay/acoustics/6471/6471.220406121515.wav,29289.0,4151.01,-6634.47,1024.78
79,6476,/workspace/data/cape_cod_bay/acoustics/6476/6476.220406121156.wav,29543.5,11476.63,-6634.47,1024.78
79,6468,/workspace/data/cape_cod_bay/acoustics/6468/6468.220406121318.wav,29458.5,10309.3,-6634.47,1024.78
80,6474,/workspace/data/cape_cod_bay/acoustics/6474/6474.220406121423.wav,39592.5,17236.96,-7834.47,-15575.22
80,6471,/workspace/data/cape_cod_bay/acoustics/6471/6471.220406121515.wav,39528.5,19693.96,-7834.47,-15575.22
80,6468,/workspace/data/cape_cod_bay/acoustics/6468/6468.220406121318.wav,39659.0,22344.88,-7834.47,-15575.22
80,6476,/workspace/data/cape_cod_bay/acoustics/6476/6476.220406121156.wav,39735.0,16611.46,-7834.47,-15575.22
81,6468,/workspace/data/cape_cod_bay/acoustics/6468/6468.220406121318.wav,39805.5,19397.07,20065.53,-6425.22
81,6474,/workspace/data/cape_cod_bay/acoustics/6474/6474.220406121423.wav,39613.0,21579.32,20065.53,-6425.22
81,6476,/workspace/data/cape_cod_bay/acoustics/6476/6476.220406121156.wav,39878.5,16604.1,20065.53,-6425.22
81,6471,/workspace/data/cape_cod_bay/acoustics/6471/6471.220406121515.wav,39687.0,25239.34,20065.53,-6425.22
82,6476,/workspace/data/cape_cod_bay/acoustics/6476/6476.220406121156.wav,39835.0,15017.79,15265.53,-12075.22
82,6474,/workspace/data/cape_cod_bay/acoustics/6474/6474.220406121423.wav,39745.0,18912.37,15265.53,-12075.22
82,6468,/workspace/data/cape_cod_bay/acoustics/6468/6468.220406121318.wav,39790.5,19643.99,15265.53,-12075.22
83,6470,/workspace/data/cape_cod_bay/acoustics/6470/6470.220406121604.wav,39663.0,21984.08,16315.53,6524.78
83,6476,/workspace/data/cape_cod_bay/acoustics/6476/6476.220406121156.wav,39903.5,16273.12,16315.53,6524.78
83,6471,/workspace/data/cape_cod_bay/acoustics/6471/6471.220406121515.wav,39718.0,19984.21,16315.53,6524.78
83,6474,/workspace/data/cape_cod_bay/acoustics/6474/6474.220406121423.wav,39810.5,17853.24,16315.53,6524.78
84,6474,/workspace/data/cape_cod_bay/acoustics/6474/6474.220406121423.wav,39825.5,17636.59,14915.53,-10125.22
84,6470,/workspace/data/cape_cod_bay/acoustics/6470/6470.220406121604.wav,39655.5,19465.32,14915.53,-10125.22
84,6476,/workspace/data/cape_cod_bay/acoustics/6476/6476.220406121156.wav,39944.0,13644.66,14915.53,-10125.22
84,6468,/workspace/data/cape_cod_bay/acoustics/6468/6468.220406121318.wav,39818.5,17870.73,14915.53,-10125.22
85,6468,/workspace/data/cape_cod_bay/acoustics/6468/6468.220407001314.wav,24425.0,3487.94,1815.53,74.78
85,6470,/workspace/data/cape_cod_bay/acoustics/6470/6470.220407001558.wav,24298.5,6347.53,1815.53,74.78
85,6471,/workspace/data/cape_cod_bay/acoustics/6471/6471.220407001510.wav,24340.5,5910.38,1815.53,74.78
85,6476,/workspace/data/cape_cod_bay/acoustics/6476/6476.220407001153.wav,24550.5,3372.08,1815.53,74.78
86,6470,/workspace/data/cape_cod_bay/acoustics/6470/6470.220407001558.wav,24724.5,4285.9,-634.47,-225.22
86,6476,/workspace/data/cape_cod_bay/acoustics/6476/6476.220407001153.wav,25120.5,4884.62,-634.47,-225.22
86,6471,/workspace/data/cape_cod_bay/acoustics/6471/6471.220407001510.wav,24777.0,4346.75,-634.47,-225.22
86,6468,/workspace/data/cape_cod_bay/acoustics/6468/6468.220407001314.wav,25017.5,5673.1,-634.47,-225.22
87,6476,/workspace/data/cape_cod_bay/acoustics/6476/6476.220407001153.wav,25431.5,6388.68,-1534.47,924.78
87,6468,/workspace/data/cape_cod_bay/acoustics/6468/6468.220407001314.wav,25214.5,5239.13,-1534.47,924.78
87,6470,/workspace/data/cape_cod_bay/acoustics/6470/6470.220407001558.wav,25118.0,4258.71,-1534.47,924.78
87,6471,/workspace/data/cape_cod_bay/acoustics/6471/6471.220407001510.wav,25086.5,2672.9,-1534.47,924.78
88,6468,/workspace/data/cape_cod_bay/acoustics/6468/6468.220407001314.wav,26732.5,6337.76,-584.47,-875.22
88,6470,/workspace/data/cape_cod_bay/acoustics/6470/6470.220407001558.wav,26541.5,4287.34,-584.47,-875.22
88,6471,/workspace/data/cape_cod_bay/acoustics/6471/6471.220407001510.wav,26564.0,5411.11,-584.47,-875.22
88,6476,/workspace/data/cape_cod_bay/acoustics/6476/6476.220407001153.wav,26769.5,5033.83,-584.47,-875.22
89,6474,/workspace/data/cape_cod_bay/acoustics/6474/6474.220407001417.wav,27500.5,3217.26,-1984.47,2274.78
89,6471,/workspace/data/cape_cod_bay/acoustics/6471/6471.220407001510.wav,27434.0,2288.44,-1984.47,2274.78
89,6476,/workspace/data/cape_cod_bay/acoustics/6476/6476.220407001153.wav,27633.5,8053.0,-1984.47,2274.78
89,6468,/workspace/data/cape_cod_bay/acoustics/6468/6468.220407001314.wav,27536.5,5692.48,-1984.47,2274.78
90,6468,/workspace/data/cape_cod_bay/acoustics/6468/6468.220407001314.wav,27604.0,3250.93,515.53,4674.78
90,6470,/workspace/data/cape_cod_bay/acoustics/6470/6470.220407001558.wav,27419.0,9091.5,515.53,4674.78
90,6471,/workspace/data/cape_cod_bay/acoustics/6471/6471.220407001510.wav,27426.5,4233.14,515.53,4674.78
91,6474,/workspace/data/cape_cod_bay/acoustics/6474/6474.220407001417.wav,35350.5,9348.31,-8434.47,-1025.22
91,6470,/workspace/data/cape_cod_bay/acoustics/6470/6470.220407001558.wav,35221.0,5216.03,-8434.47,-1025.22
91,6471,/workspace/data/cape_cod_bay/acoustics/6471/6471.220407001510.wav,35227.0,6262.24,-8434.47,-1025.22
91,6476,/workspace/data/cape_cod_bay/acoustics/6476/6476.220407001153.wav,35536.0,11887.42,-8434.47,-1025.22
91,6468,/workspace/data/cape_cod_bay/acoustics/6468/6468.220407001314.wav,35377.5,12904.86,-8434.47,-1025.22
92,6470,/workspace/data/cape_cod_bay/acoustics/6470/6470.220407001558.wav,35258.5,11516.22,-7634.47,7124.78
92,6468,/workspace/data/cape_cod_bay/acoustics/6468/6468.220407001314.wav,35400.0,11740.28,-7634.47,7124.78
92,6471,/workspace/data/cape_cod_bay/acoustics/6471/6471.220407001510.wav,35317.0,5869.14,-7634.47,7124.78
92,6476,/workspace/data/cape_cod_bay/acoustics/6476/6476.220407001153.wav,35446.0,14874.35,-7634.47,7124.78
93,6474,/workspace/data/cape_cod_bay/acoustics/6474/6474.220407001417.wav,38044.5,9462.31,-3734.47,8624.78
93,6470,/workspace/data/cape_cod_bay/acoustics/6470/6470.220407001558.wav,37987.0,10683.17,-3734.47,8624.78
93,6471,/workspace/data/cape_cod_bay/acoustics/6471/6471.220407001510.wav,38027.5,6675.56,-3734.47,8624.78
93,6476,/workspace/data/cape_cod_bay/acoustics/6476/6476.220407001153.wav,38246.5,13682.31,-3734.47,8624.78
93,6468,/workspace/data/cape_cod_bay/acoustics/6468/6468.220407001314.wav,38148.0,9033.91,-3734.47,8624.78
94,6474,/workspace/data/cape_cod_bay/acoustics/6474/6474.220407001417.wav,38110.5,8946.21,-8384.47,2624.78
94,6470,/workspace/data/cape_cod_bay/acoustics/6470/6470.220407001558.wav,37966.0,7807.22,-8384.47,2624.78
94,6471,/workspace/data/cape_cod_bay/acoustics/6471/6471.220407001510.wav,38039.5,5452.19,-8384.47,2624.78
94,6476,/workspace/data/cape_cod_bay/acoustics/6476/6476.220407001153.wav,38216.5,13411.24,-8384.47,2624.78
94,6468,/workspace/data/cape_cod_bay/acoustics/6468/6468.220407001314.wav,38107.5,11298.14,-8384.47,2624.78
95,6474,/workspace/data/cape_cod_bay/acoustics/6474/6474.220407001417.wav,38103.0,7714.13,-7834.47,74.78
95,6471,/workspace/data/cape_cod_bay/acoustics/6471/6471.220407001510.wav,38020.0,5616.44,-7834.47,74.78
95,6476,/workspace/data/cape_cod_bay/acoustics/6476/6476.220407001153.wav,38195.5,12025.01,-7834.47,74.78
96,6474,/workspace/data/cape_cod_bay/acoustics/6474/6474.220407001417.wav,39668.5,8487.07,1065.53,8324.78
96,6468,/workspace/data/cape_cod_bay/acoustics/6468/6468.220407001314.wav,39709.0,5253.52,1065.53,8324.78
96,6471,/workspace/data/cape_cod_bay/acoustics/6471/6471.220407001510.wav,39594.5,6507.66,1065.53,8324.78
96,6476,/workspace/data/cape_cod_bay/acoustics/6476/6476.220407001153.wav,39798.5,12115.78,1065.53,8324.78
97,6470,/workspace/data/cape_cod_bay/acoustics/6470/6470.220407121553.wav,8452.5,6354.56,-7934.47,874.78
97,6468,/workspace/data/cape_cod_bay/acoustics/6468/6468.220407121309.wav,8604.5,11265.99,-7934.47,874.78
97,6471,/workspace/data/cape_cod_bay/acoustics/6471/6471.220407121505.wav,8463.0,5627.11,-7934.47,874.78
97,6476,/workspace/data/cape_cod_bay/acoustics/6476/6476.220407121149.wav,8695.0,12354.92,-7934.47,874.78
98,6474,/workspace/data/cape_cod_bay/acoustics/6474/6474.220407121412.wav,11319.5,8413.0,-6984.47,3824.78
98,6470,/workspace/data/cape_cod_bay/acoustics/6470/6470.220407121553.wav,11226.0,8365.02,-6984.47,3824.78
98,6476,/workspace/data/cape_cod_bay/acoustics/6476/6476.220407121149.wav,11453.5,12081.8,-6984.47,3824.78
98,6468,/workspace/data/cape_cod_bay/acoustics/6468/6468.220407121309.wav,11367.5,10641.51,-6984.47,3824.78
99,6474,/workspace/data/cape_cod_bay/acoustics/6474/6474.220408121400.wav,24882.0,5994.47,-5934.47,-2825.22
99,6470,/workspace/data/cape_cod_bay/acoustics/6470/6470.220408121542.wav,24828.0,3053.62,-5934.47,-2825.22
99,6471,/workspace/data/cape_cod_bay/acoustics/6471/6471.220408121456.wav,24799.0,7203.52,-5934.47,-2825.22
99,6476,/workspace/data/cape_cod_bay/acoustics/6476/6476.220408121141.wav,25049.5,9288.74,-5934.47,-2825.22
99,6468,/workspace/data/cape_cod_bay/acoustics/6468/6468.220408121258.wav,24929.0,11493.75,-5934.47,-2825.22
100,6474,/workspace/data/cape_cod_bay/acoustics/6474/6474.220408121400.wav,40290.0,17404.84,16165.53,5874.78
100,6470,/workspace/data/cape_cod_bay/acoustics/6470/6470.220408121542.wav,40215.0,21370.76,16165.53,5874.78
100,6471,/workspace/data/cape_cod_bay/acoustics/6471/6471.220408121456.wav,40226.5,19868.82,16165.53,5874.78
100,6476,/workspace/data/cape_cod_bay/acoustics/6476/6476.220408121141.wav,40427.5,15943.79,16165.53,5874.78
101,6474,/workspace/data/cape_cod_bay/acoustics/6474/6474.220409001355.wav,2210.5,4301.0,-434.47,3974.78
101,6471,/workspace/data/cape_cod_bay/acoustics/6471/6471.220409001452.wav,2182.0,3493.29,-434.47,3974.78
101,6476,/workspace/data/cape_cod_bay/acoustics/6476/6476.220409001137.wav,2368.0,8010.15,-434.47,3974.78
101,6468,/workspace/data/cape_cod_bay/acoustics/6468/6468.220409001253.wav,2314.5,4571.2,-434.47,3974.78
102,6474,/workspace/data/cape_cod_bay/acoustics/6474/6474.220409001355.wav,6349.0,11880.31,-9584.47,-6825.22
102,6470,/workspace/data/cape_cod_bay/acoustics/6470/6470.220409001537.wav,6334.0,6742.54,-9584.47,-6825.22
102,6476,/workspace/data/cape_cod_bay/acoustics/6476/6476.220409001137.wav,6499.0,13569.02,-9584.47,-6825.22
102,6468,/workspace/data/cape_cod_bay/acoustics/6468/6468.220409001253.wav,6424.5,16762.51,-9584.47,-6825.22
103,6474,/workspace/data/cape_cod_bay/acoustics/6474/6474.220409001355.wav,8530.5,3457.61,-3384.47,724.78
103,6470,/workspace/data/cape_cod_bay/acoustics/6470/6470.220409001537.wav,8436.0,3886.67,-3384.47,724.78
103,6471,/workspace/data/cape_cod_bay/acoustics/6471/6471.220409001452.wav,8485.5,2472.18,-3384.47,724.78
104,6468,/workspace/data/cape_cod_bay/acoustics/6468/6468.220409001253.wav,8616.5,3360.8,765.53,4624.78
104,6474,/workspace/data/cape_cod_bay/acoustics/6474/6474.220409001355.wav,8575.5,4764.86,765.53,4624.78
104,6476,/workspace/data/cape_cod_bay/acoustics/6476/6476.220409001137.wav,8770.5,8313.19,765.53,4624.78
104,6471,/workspace/data/cape_cod_bay/acoustics/6471/6471.220409001452.wav,8443.5,4692.74,765.53,4624.78
105,6476,/workspace/data/cape_cod_bay/acoustics/6476/6476.220409001137.wav,12880.5,6841.43,5415.53,-10225.22
105,6474,/workspace/data/cape_cod_bay/acoustics/6474/6474.220409001355.wav,12819.0,11348.39,5415.53,-10225.22
105,6471,/workspace/data/cape_cod_bay/acoustics/6471/6471.220409001452.wav,12756.0,16675.08,5415.53,-10225.22
105,6468,/workspace/data/cape_cod_bay/acoustics/6468/6468.220409001253.wav,12860.0,14061.07,5415.53,-10225.22
106,6468,/workspace/data/cape_cod_bay/acoustics/6468/6468.220409001253.wav,12866.0,6500.19,10115.53,4574.78
106,6476,/workspace/data/cape_cod_bay/acoustics/6476/6476.220409001137.wav,12939.0,10451.23,10115.53,4574.78
106,6471,/workspace/data/cape_cod_bay/acoustics/6471/6471.220409001452.wav,12738.0,13852.69,10115.53,4574.78
107,6470,/workspace/data/cape_cod_bay/acoustics/6470/6470.220409001537.wav,13675.5,5405.34,1065.53,-425.22
107,6471,/workspace/data/cape_cod_bay/acoustics/6471/6471.220409001452.wav,13662.0,5748.91,1065.53,-425.22
107,6476,/workspace/data/cape_cod_bay/acoustics/6476/6476.220409001137.wav,13908.0,3506.63,1065.53,-425.22
107,6468,/workspace/data/cape_cod_bay/acoustics/6468/6468.220409001253.wav,13793.0,4506.26,1065.53,-425.22
108,6476,/workspace/data/cape_cod_bay/acoustics/6476/6476.220409001137.wav,18347.0,8762.22,-1884.47,3624.78
108,6474,/workspace/data/cape_cod_bay/acoustics/6474/6474.220409001355.wav,18263.0,4294.0,-1884.47,3624.78
108,6468,/workspace/data/cape_cod_bay/acoustics/6468/6468.220409001253.wav,18313.0,5284.25,-1884.47,3624.78
108,6471,/workspace/data/cape_cod_bay/acoustics/6471/6471.220409001452.wav,18227.0,1475.43,-1884.47,3624.78
109,6470,/workspace/data/cape_cod_bay/acoustics/6470/6470.220409001537.wav,18810.0,5651.25,565.53,324.78
109,6471,/workspace/data/cape_cod_bay/acoustics/6471/6471.220409001452.wav,18846.0,5551.65,565.53,324.78
109,6476,/workspace/data/cape_cod_bay/acoustics/6476/6476.220409001137.wav,19020.0,5147.52,565.53,324.78
109,6468,/workspace/data/cape_cod_bay/acoustics/6468/6468.220409001253.wav,18914.0,4486.02,565.53,324.78
110,6468,/workspace/data/cape_cod_bay/acoustics/6468/6468.220409001253.wav,21387.0,5392.88,615.53,8274.78
110,6476,/workspace/data/cape_cod_bay/acoustics/6476/6476.220409001137.wav,21464.5,12123.74,615.53,8274.78
110,6470,/workspace/data/cape_cod_bay/acoustics/6470/6470.220409001537.wav,21254.5,12938.39,615.53,8274.78
110,6471,/workspace/data/cape_cod_bay/acoustics/6471/6471.220409001452.wav,21244.0,5900.57,615.53,8274.78
111,6474,/workspace/data/cape_cod_bay/acoustics/6474/6474.220409001355.wav,21716.5,2813.62,-3584.47,24.78
111,6470,/workspace/data/cape_cod_bay/acoustics/6470/6470.220409001537.wav,21709.0,4100.96,-3584.47,24.78
111,6471,/workspace/data/cape_cod_bay/acoustics/6471/6471.220409001452.wav,21712.0,3808.41,-3584.47,24.78
111,6476,/workspace/data/cape_cod_bay/acoustics/6476/6476.220409001137.wav,22003.0,7979.92,-3584.47,24.78
111,6468,/workspace/data/cape_cod_bay/acoustics/6468/6468.220409001253.wav,21795.0,8771.64,-3584.47,24.78
112,6474,/workspace/data/cape_cod_bay/acoustics/6474/6474.220409001355.wav,21805.0,7851.52,-1284.47,7274.78
112,6470,/workspace/data/cape_cod_bay/acoustics/6470/6470.220409001537.wav,21725.5,10770.07,-1284.47,7274.78
112,6471,/workspace/data/cape_cod_bay/acoustics/6471/6471.220409001452.wav,21718.0,4235.76,-1284.47,7274.78
112,6476,/workspace/data/cape_cod_bay/acoustics/6476/6476.220409001137.wav,21967.0,11901.87,-1284.47,7274.78
112,6468,/workspace/data/cape_cod_bay/acoustics/6468/6468.220409001253.wav,21850.5,5782.35,-1284.47,7274.78
113,6474,/workspace/data/cape_cod_bay/acoustics/6474/6474.220409001355.wav,21942.5,6997.13,265.53,4324.78
113,6470,/workspace/data/cape_cod_bay/acoustics/6470/6470.220409001537.wav,21854.0,7067.59,265.53,4324.78
113,6471,/workspace/data/cape_cod_bay/acoustics/6471/6471.220409001452.wav,21846.5,4648.83,265.53,4324.78
113,6476,/workspace/data/cape_cod_bay/acoustics/6476/6476.220409001137.wav,22068.5,6841.5,265.53,4324.78
113,6468,/workspace/data/cape_cod_bay/acoustics/6468/6468.220409001253.wav,22054.0,4209.71,265.53,4324.78
114,6476,/workspace/data/cape_cod_bay/acoustics/6476/6476.220409001137.wav,22103.0,18552.92,-12834.47,5074.78
114,6474,/workspace/data/cape_cod_bay/acoustics/6474/6474.220409001355.wav,21966.5,13725.39,-12834.47,5074.78
114,6470,/workspace/data/cape_cod_bay/acoustics/6470/6470.220409001537.wav,21879.5,12677.78,-12834.47,5074.78
114,6471,/workspace/data/cape_cod_bay/acoustics/6471/6471.220409001452.wav,21878.0,9458.73,-12834.47,5074.78
115,6474,/workspace/data/cape_cod_bay/acoustics/6474/6474.220409001355.wav,22007.0,4273.41,-4584.47,874.78
115,6470,/workspace/data/cape_cod_bay/acoustics/6470/6470.220409001537.wav,21897.5,4366.75,-4584.47,874.78
115,6471,/workspace/data/cape_cod_bay/acoustics/6471/6471.220409001452.wav,21896.0,3129.1,-4584.47,874.78
115,6476,/workspace/data/cape_cod_bay/acoustics/6476/6476.220409001137.wav,22058.0,9980.23,-4584.47,874.78
115,6468,/workspace/data/cape_cod_bay/acoustics/6468/6468.220409001253.wav,22078.0,8257.08,-4584.47,874.78
116,6470,/workspace/data/cape_cod_bay/acoustics/6470/6470.220409121532.wav,36176.5,8403.09,-10284.47,974.78
116,6471,/workspace/data/cape_cod_bay/acoustics/6471/6471.220409121448.wav,36182.5,7713.11,-10284.47,974.78
116,6476,/workspace/data/cape_cod_bay/acoustics/6476/6476.220409121134.wav,36396.5,14257.15,-10284.47,974.78
116,6468,/workspace/data/cape_cod_bay/acoustics/6468/6468.220409121248.wav,36318.0,13604.23,-10284.47,974.78
117,6474,/workspace/data/cape_cod_bay/acoustics/6474/6474.220409121350.wav,36494.5,15695.0,15315.53,-3925.22
117,6468,/workspace/data/cape_cod_bay/acoustics/6468/6468.220409121248.wav,36551.0,14013.78,15315.53,-3925.22
117,6476,/workspace/data/cape_cod_bay/acoustics/6476/6476.220409121134.wav,36686.5,11893.91,15315.53,-3925.22
118,6471,/workspace/data/cape_cod_bay/acoustics/6471/6471.220409121448.wav,36483.0,15899.73,11265.53,9324.78
118,6474,/workspace/data/cape_cod_bay/acoustics/6474/6474.220409121350.wav,36532.0,15389.38,11265.53,9324.78
118,6476,/workspace/data/cape_cod_bay/acoustics/6476/6476.220409121134.wav,36751.0,15065.72,11265.53,9324.78
118,6470,/workspace/data/cape_cod_bay/acoustics/6470/6470.220409121532.wav,36417.0,18695.82,11265.53,9324.78
119,6468,/workspace/data/cape_cod_bay/acoustics/6468/6468.220409121248.wav,36600.5,14293.04,9365.53,-9275.22
119,6471,/workspace/data/cape_cod_bay/acoustics/6471/6471.220409121448.wav,36547.5,17840.71,9365.53,-9275.22
119,6474,/workspace/data/cape_cod_bay/acoustics/6474/6474.220409121350.wav,36559.0,13297.77,9365.53,-9275.22
119,6470,/workspace/data/cape_cod_bay/acoustics/6470/6470.220409121532.wav,36399.0,14278.47,9365.53,-9275.22
120,6471,/workspace/data/cape_cod_bay/acoustics/6471/6471.220409121448.wav,36448.5,15299.44,11415.53,7724.78
120,6474,/workspace/data/cape_cod_bay/acoustics/6474/6474.220409121350.wav,36508.0,14144.73,11415.53,7724.78
120,6476,/workspace/data/cape_cod_bay/acoustics/6476/6476.220409121134.wav,36628.0,13566.12,11415.53,7724.78
121,6470,/workspace/data/cape_cod_bay/acoustics/6470/6470.220410001527.wav,5753.5,3168.73,-484.47,-1725.22
121,6468,/workspace/data/cape_cod_bay/acoustics/6468/6468.220410001244.wav,6041.0,6315.98,-484.47,-1725.22
121,6471,/workspace/data/cape_cod_bay/acoustics/6471/6471.220410001442.wav,5858.5,6261.17,-484.47,-1725.22
121,6476,/workspace/data/cape_cod_bay/acoustics/6476/6476.220410001129.wav,5999.0,4401.87,-484.47,-1725.22
122,6476,/workspace/data/cape_cod_bay/acoustics/6476/6476.220410001129.wav,6116.0,3702.71,865.53,-725.22
122,6468,/workspace/data/cape_cod_bay/acoustics/6468/6468.220410001244.wav,6035.0,4794.37,865.53,-725.22
122,6470,/workspace/data/cape_cod_bay/acoustics/6470/6470.220410001527.wav,5849.5,4915.41,865.53,-725.22
123,6474,/workspace/data/cape_cod_bay/acoustics/6474/6474.220410001344.wav,7431.0,13034.59,-8684.47,9074.78
123,6470,/workspace/data/cape_cod_bay/acoustics/6470/6470.220410001527.wav,7350.5,13480.48,-8684.47,9074.78
123,6471,/workspace/data/cape_cod_bay/acoustics/6471/6471.220410001442.wav,7359.5,7314.38,-8684.47,9074.78
123,6468,/workspace/data/cape_cod_bay/acoustics/6468/6468.220410001244.wav,7473.0,13262.05,-8684.47,9074.78
124,6468,/workspace/data/cape_cod_bay/acoustics/6468/6468.220410001244.wav,11275.5,4188.11,-434.47,4274.78
124,6474,/workspace/data/cape_cod_bay/acoustics/6474/6474.220410001344.wav,11208.0,4381.54,-434.47,4274.78
124,6470,/workspace/data/cape_cod_bay/acoustics/6470/6470.220410001527.wav,11141.0,8194.14,-434.47,4274.78
124,6471,/workspace/data/cape_cod_bay/acoustics/6471/6471.220410001442.wav,11091.5,3445.47,-434.47,4274.78
125,6474,/workspace/data/cape_cod_bay/acoustics/6474/6474.220410001344.wav,11878.0,5892.33,-5834.47,474.78
125,6470,/workspace/data/cape_cod_bay/acoustics/6470/6470.220410001527.wav,11781.0,4084.38,-5834.47,474.78
125,6471,/workspace/data/cape_cod_bay/acoustics/6471/6471.220410001442.wav,11808.0,3500.88,-5834.47,474.78
125,6476,/workspace/data/cape_cod_bay/acoustics/6476/6476.220410001129.wav,11911.0,10610.77,-5834.47,474.78
126,6476,/workspace/data/cape_cod_bay/acoustics/6476/6476.220410001129.wav,12002.5,7274.23,-3084.47,-325.22
126,6468,/workspace/data/cape_cod_bay/acoustics/6468/6468.220410001244.wav,11921.5,7726.71,-3084.47,-325.22
126,6471,/workspace/data/cape_cod_bay/acoustics/6471/6471.220410001442.wav,11790.0,3910.31,-3084.47,-325.22
127,6474,/workspace/data/cape_cod_bay/acoustics/6474/6474.220410001344.wav,18145.5,3422.13,-1334.47,-2825.22
127,6476,/workspace/data/cape_cod_bay/acoustics/6476/6476.220410001129.wav,18411.0,5390.14,-1334.47,-2825.22
127,6470,/workspace/data/cape_cod_bay/acoustics/6470/6470.220410001527.wav,18107.0,2927.06,-1334.47,-2825.22
128,6474,/workspace/data/cape_cod_bay/acoustics/6474/6474.220410001344.wav,18205.5,6310.14,-6434.47,-2125.22
128,6470,/workspace/data/cape_cod_bay/acoustics/6470/6470.220410001527.wav,18116.0,3445.45,-6434.47,-2125.22
128,6471,/workspace/data/cape_cod_bay/acoustics/6471/6471.220410001442.wav,18119.0,6723.83,-6434.47,-2125.22
128,6476,/workspace/data/cape_cod_bay/acoustics/6476/6476.220410001129.wav,18328.5,10198.31,-6434.47,-2125.22
129,6474,/workspace/data/cape_cod_bay/acoustics/6474/6474.220410001344.wav,20671.0,20243.56,-6834.47,-18675.22
129,6470,/workspace/data/cape_cod_bay/acoustics/6470/6470.220410001527.wav,20574.0,15637.26,-6834.47,-18675.22
129,6476,/workspace/data/cape_cod_bay/acoustics/6476/6476.220410001129.wav,20782.0,18686.0,-6834.47,-18675.22
129,6468,/workspace/data/cape_cod_bay/acoustics/6468/6468.220410001244.wav,20716.0,23728.98,-6834.47,-18675.22
130,6474,/workspace/data/cape_cod_bay/acoustics/6474/6474.220410001344.wav,23069.5,2517.17,265.53,2274.78
130,6470,/workspace/data/cape_cod_bay/acoustics/6470/6470.220410001527.wav,22977.0,6345.58,265.53,2274.78
130,6471,/workspace/data/cape_cod_bay/acoustics/6471/6471.220410001442.wav,22983.0,3279.84,265.53,2274.78
130,6476,/workspace/data/cape_cod_bay/acoustics/6476/6476.220410001129.wav,23194.0,6352.46,265.53,2274.78
130,6468,/workspace/data/cape_cod_bay/acoustics/6468/6468.220410001244.wav,23162.5,2670.06,265.53,2274.78
131,6474,/workspace/data/cape_cod_bay/acoustics/6474/6474.220410121338.wav,14293.0,13329.13,11665.53,-6325.22
131,6476,/workspace/data/cape_cod_bay/acoustics/6476/6476.220410121125.wav,14411.0,8517.95,11665.53,-6325.22
131,6471,/workspace/data/cape_cod_bay/acoustics/6471/6471.220410121436.wav,14247.0,18192.78,11665.53,-6325.22
131,6468,/workspace/data/cape_cod_bay/acoustics/6468/6468.220410121240.wav,14391.0,12770.62,11665.53,-6325.22
132,6471,/workspace/data/cape_cod_bay/acoustics/6471/6471.220410121436.wav,15041.0,18552.51,14715.53,2324.78
132,6474,/workspace/data/cape_cod_bay/acoustics/6474/6474.220410121338.wav,15105.0,15017.54,14715.53,2324.78
132,6468,/workspace/data/cape_cod_bay/acoustics/6468/6468.220410121240.wav,15180.5,11000.61,14715.53,2324.78
132,6476,/workspace/data/cape_cod_bay/acoustics/6476/6476.220410121125.wav,15262.0,12551.86,14715.53,2324.78
133,6468,/workspace/data/cape_cod_bay/acoustics/6468/6468.220410121240.wav,15141.5,11224.14,15015.53,1924.78
133,6476,/workspace/data/cape_cod_bay/acoustics/6476/6476.220410121125.wav,15224.5,12548.76,15015.53,1924.78
133,6474,/workspace/data/cape_cod_bay/acoustics/6474/6474.220410121338.wav,15123.0,15456.11,15015.53,1924.78
133,6471,/workspace/data/cape_cod_bay/acoustics/6471/6471.220410121436.wav,15048.5,18842.7,15015.53,1924.78
134,6471,/workspace/data/cape_cod_bay/acoustics/6471/6471.220410121436.wav,15057.5,14678.76,10165.53,8974.78
134,6476,/workspace/data/cape_cod_bay/acoustics/6476/6476.220410121125.wav,15242.5,14038.28,10165.53,8974.78
134,6474,/workspace/data/cape_cod_bay/acoustics/6474/6474.220410121338.wav,15144.0,14299.16,10165.53,8974.78
134,6468,/workspace/data/cape_cod_bay/acoustics/6468/6468.220410121240.wav,15120.5,7925.75,10165.53,8974.78
