k,consistency_thresh,method_thresh,prune,max_time_offset,std,success_rate,theta_error
4,3500,inf,False,0,0,True,1.0542913871358817
4,3500,inf,False,0,0,True,0.5522216567648535
4,3500,inf,False,0,0,True,0.9340128117679356
4,3500,inf,False,0,0,True,39.22995020028158
4,3500,inf,False,0,0,True,1.4840131471147622
4,3500,inf,False,0,0,True,0.647257483102635
4,3500,inf,False,0,0,True,0.004714895134469543
4,3500,inf,False,0,0,True,5.357984658447712
4,3500,inf,False,0,0,True,0.7516000015238262
4,3500,inf,False,0,0,True,0.15072267128741146
4,3500,inf,False,0,0,True,0.5727396914750216
4,3500,inf,False,0,0,True,0.3214782371585274
4,3500,inf,False,0,0,True,19.367865487850096
4,3500,inf,False,0,0,True,0.9776855419924217
4,3500,inf,False,0,0,True,0.665814924240899
4,3500,inf,False,0,0,True,0.09485846856497915
4,3500,inf,False,0,0,True,0.10802793088746654
4,3500,inf,False,0,0,True,3.0322153688873783
4,3500,inf,False,0,0,True,0.30798181807258196
4,3500,inf,False,0,0,True,0.3741277323293275
4,3500,inf,False,0,0,True,0.8659438673009809
4,3500,inf,False,0,0,True,6.777096261394448
4,3500,inf,False,0,0,True,5.490689267262255
4,3500,inf,False,0,0,True,1.173843295675404
4,3500,inf,False,0,0,True,0.053233912744246936
4,3500,inf,False,0,0,True,0.6997055086252288
4,3500,inf,False,0,0,True,7.522759151884088
4,3500,inf,False,0,0,True,0.9079992946376194
4,3500,inf,False,0,0,True,0.623559235650383
4,3500,inf,False,0,0,True,1.5527898342857078
4,3500,inf,False,0,0,True,0.1220528418970428
4,3500,inf,False,0,0,True,9.925592603773975
4,3500,inf,False,0,0,True,0.16577475457128088
4,3500,inf,False,0,0,True,0.010203975245602237
4,3500,inf,False,0,0,True,25.304565514858197
4,3500,inf,False,0,0,True,1.084094869467343
4,3500,inf,False,0,0,True,148.36592821552193
4,3500,inf,False,0,0,True,0.7597731927342153
4,3500,inf,False,0,0,True,14.267869133479259
4,3500,inf,False,0,0,True,2.539654180507263
4,3500,inf,False,0,0,True,0.35886598845851836
4,3500,inf,False,0,0,True,6.624667308028066
4,3500,inf,False,0,0,True,0.19936391911611295
4,3500,inf,False,0,0,True,5.53139782407705
4,3500,inf,False,0,0,True,0.32777856634450586
4,3500,inf,False,0,0,True,1.0815331799287051
4,3500,inf,False,0,0,True,0.8821471328881936
4,3500,inf,False,0,0,True,3.8658451357413792
4,3500,inf,False,0,0,True,1.6271141400360278
4,3500,inf,False,0,0,True,8.846245984798461
4,3500,inf,False,0,0,True,0.06781292173326392
4,3500,inf,False,0,0,True,3.0583728732259345
4,3500,inf,False,0,0,True,0.31874673297133427
4,3500,inf,False,0,0,True,0.004199012978460814
4,3500,inf,False,0,0,True,1.1246022169089933
4,3500,inf,False,0,0,True,1.815046954814008
4,3500,inf,False,0,0,True,4.564104395980891
4,3500,inf,False,0,0,True,0.5336793885058029
4,3500,inf,False,0,0,True,0.7237639777360272
4,3500,inf,False,0,0,True,2.758108447175215
4,3500,inf,False,0,0,True,0.1226653229741359
4,3500,inf,False,0,0,True,0.017355305962439616
4,3500,inf,False,0,0,True,0.3911989670624265
4,3500,inf,False,0,0,True,4.557635404937663
4,3500,inf,False,0,0,True,0.47869857457003206
4,3500,inf,False,0,0,True,12.16827903965573
4,3500,inf,False,0,0,True,0.1155796235047788
4,3500,inf,False,0,0,True,0.0754175214547459
4,3500,inf,False,0,0,True,9.932500236801502
4,3500,inf,False,0,0,True,8.90942777182078
4,3500,inf,False,0,0,True,0.6384233385813616
4,3500,inf,False,0,0,True,1.1630257459505415
4,3500,inf,False,0,0,True,0.9716358563594554
4,3500,inf,False,0,0,True,3.399402328076542
4,3500,inf,False,0,0,True,0.010442381364953235
4,3500,inf,False,0,0,True,2.031562628132555
4,3500,inf,False,0,0,True,0.9506911284785815
4,3500,inf,False,0,0,True,0.08588475115602989
4,3500,inf,False,0,0,True,0.12837561404211684
4,3500,inf,False,0,0,True,0.3447178742710193
4,3500,inf,False,0,0,True,0.3282385732944135
4,3500,inf,False,0,0,True,0.771600563014589
4,3500,inf,False,0,0,True,3.511844963728249
4,3500,inf,False,0,0,True,3.157663608921993
4,3500,inf,False,0,0,True,17.645631825536938
4,3500,inf,False,0,0,True,5.56129984553823
4,3500,inf,False,0,0,True,5.440502935429215
4,3500,inf,False,0,0,True,1.4045416085757836
4,3500,inf,False,0,0,True,2.065554071096898
4,3500,inf,False,0,0,True,4.682967476804322
4,3500,inf,False,0,0,True,3.2771679379063343
4,3500,inf,False,0,0,True,0.34884030610507466
4,3500,inf,False,0,0,True,0.48138459048033155
4,3500,inf,False,0,0,True,1.6299872511026052
4,3500,inf,False,0,0,True,16.97850073071605
4,3500,inf,False,0,0,True,0.14249144229359345
4,3500,inf,False,0,0,True,0.1445441320940546
4,3500,inf,False,0,0,True,1.4177418516359666
4,3500,inf,False,0,0,True,1.1174432880620486
4,3500,inf,False,0,0,True,7.951535475366391
4,3500,inf,False,0,0,True,2.041272462745667
4,3500,inf,False,0,0,True,0.2533099228941067
4,3500,inf,False,0,0,True,55.313144426073976
4,3500,inf,False,0,0,True,0.059848790211432856
4,3500,inf,False,0,0,True,0.40055878464088934
4,3500,inf,False,0,0,True,9.566039485785922
4,3500,inf,False,0,0,True,0.1496997705891996
4,3500,inf,False,0,0,True,0.11381957649894758
4,3500,inf,False,0,0,True,0.6665963149700858
4,3500,inf,False,0,0,True,0.7853765016804175
4,3500,inf,False,0,0,True,6.149595565860196
4,3500,inf,False,0,0,True,8.193356888680029
4,3500,inf,False,0,0,True,0.5521314920668203
4,3500,inf,False,0,0,True,0.09870540494963365
4,3500,inf,False,0,0,True,2.320063624396113
4,3500,inf,False,0,0,True,1.480113625879433
4,3500,inf,False,0,0,True,0.4642390293759817
4,3500,inf,False,0,0,True,0.9722101502900244
4,3500,inf,False,0,0,True,5.513759339207176
4,3500,inf,False,0,0,True,0.9260555214141704
4,3500,inf,False,0,0,True,0.025974151251356936
4,3500,inf,False,0,0,True,0.03954502671233229
4,3500,inf,False,0,0,True,0.17277243490207717
4,3500,inf,False,0,0,True,2.71830109149165
4,3500,inf,False,0,0,True,0.31333159565296853
4,3500,inf,False,0,0,True,0.9830436402462581
4,3500,inf,False,0,0,True,4.472461881803497
4,3500,inf,False,0,0,True,0.07860576400689467
4,3500,inf,False,0,0,True,2.2387582416629783
4,3500,inf,False,0,0,True,3.5312632544879676
4,3500,inf,False,0,0,True,8.762673838236168
4,3500,inf,False,0,0,True,5.266954175489175
4,3500,inf,False,0,0,True,25.716447878283972
4,3500,inf,False,0,0,True,0.7737372479191009
4,3500,inf,False,0,0,True,1.5905715602981658
4,3500,inf,False,0,0,True,3.040682992933313
4,3500,inf,False,0,0,True,5.8329269816333955
4,3500,inf,False,0,0,True,2.50179469401764
4,3500,inf,False,0,0,True,0.02581019331807255
4,3500,inf,False,0,0,True,0.719184009697436
4,3500,inf,False,0,0,True,1.3446583397305147
4,3500,inf,False,0,0,True,7.853962349138932
4,3500,inf,False,0,0,True,0.056221055866309655
4,3500,inf,False,0,0,True,0.19893583427723627
4,3500,inf,False,0,0,True,34.53266443192029
4,3500,inf,False,0,0,True,0.3402141902705651
4,3500,inf,False,0,0,True,0.08070315235246994
4,3500,inf,False,0,0,True,1.6993380202736321
4,3500,inf,False,0,0,True,0.2000166562952186
4,3500,inf,False,0,0,True,0.04637721551123697
4,3500,inf,False,0,250,True,1.1757314824679135
4,3500,inf,False,0,250,True,9.590912941155409
4,3500,inf,False,0,250,True,4.77524599315916
4,3500,inf,False,0,250,True,0.17727719034555633
4,3500,inf,False,0,250,True,1.2132802376966936
4,3500,inf,False,0,250,True,4.438720617951361
4,3500,inf,False,0,250,True,1.0454057202258724
4,3500,inf,False,0,250,True,0.2684750641972915
4,3500,inf,False,0,250,True,0.9887706546118409
4,3500,inf,False,0,250,True,1.1859554896913664
4,3500,inf,False,0,250,True,2.01731176023533
4,3500,inf,False,0,250,True,6.700319665425489
4,3500,inf,False,0,250,True,2.227503917583725
4,3500,inf,False,0,250,True,18.410263833762848
4,3500,inf,False,0,250,True,10.361791301438032
4,3500,inf,False,0,250,True,2.6467378641816417
4,3500,inf,False,0,250,True,0.06230123052849024
4,3500,inf,False,0,250,True,0.9437026623354399
4,3500,inf,False,0,250,True,1.2940855014173422
4,3500,inf,False,0,250,True,1.3922844232949672
4,3500,inf,False,0,250,True,0.5920743988374539
4,3500,inf,False,0,250,True,1.0701113808874982
4,3500,inf,False,0,250,True,54.69769221720121
4,3500,inf,False,0,250,True,22.72594939623199
4,3500,inf,False,0,250,True,0.4009582800639322
4,3500,inf,False,0,250,True,4.491348093944119
4,3500,inf,False,0,250,True,0.056546999013427524
4,3500,inf,False,0,250,True,0.7316672804465272
4,3500,inf,False,0,250,True,0.015717521669898815
4,3500,inf,False,0,250,True,1.5965196723561874
4,3500,inf,False,0,250,True,5.380895481688249
4,3500,inf,False,0,250,True,6.240415219187703
4,3500,inf,False,0,250,True,0.4621592913557677
4,3500,inf,False,0,250,True,0.7332317541440361
4,3500,inf,False,0,250,True,28.42557470374991
4,3500,inf,False,0,250,True,0.7172780941675114
4,3500,inf,False,0,250,True,0.6564451526730863
4,3500,inf,False,0,250,True,4.807112458185799
4,3500,inf,False,0,250,True,25.297242286351413
4,3500,inf,False,0,250,True,14.799847657161635
4,3500,inf,False,0,250,True,4.413737047187624
4,3500,inf,False,0,250,True,3.7365585799673227
4,3500,inf,False,0,250,True,17.89937649527549
4,3500,inf,False,0,250,True,5.401806156065703
4,3500,inf,False,0,250,True,0.25846875649277656
4,3500,inf,False,0,250,True,3.4400495002854203
4,3500,inf,False,0,250,True,0.3561817148870521
4,3500,inf,False,0,250,True,0.18957005907174818
4,3500,inf,False,0,250,True,0.10501246574092704
4,3500,inf,False,0,250,True,3.0753299469302107
4,3500,inf,False,0,250,True,0.9942889292180754
4,3500,inf,False,0,250,True,3.7095147661473717
4,3500,inf,False,0,250,True,3.0453689746554744
4,3500,inf,False,0,250,True,0.4672431453961501
4,3500,inf,False,0,250,True,1.0534186579815685
4,3500,inf,False,0,250,True,0.3913557338291689
4,3500,inf,False,0,250,True,0.46809108241974684
4,3500,inf,False,0,250,True,2.909166653584556
4,3500,inf,False,0,250,True,1.9698531261145646
4,3500,inf,False,0,250,True,12.413632944395061
4,3500,inf,False,0,250,True,1.8606072512350167
4,3500,inf,False,0,250,True,4.998519641251612
4,3500,inf,False,0,250,True,0.04243053233485483
4,3500,inf,False,0,250,True,0.7530568186594877
4,3500,inf,False,0,250,True,0.9255255290700433
4,3500,inf,False,0,250,True,3.4746755397198967
4,3500,inf,False,0,250,True,1.585021539550798
4,3500,inf,False,0,250,True,2.0148908409344557
4,3500,inf,False,0,250,True,1.5735079226297586
4,3500,inf,False,0,250,True,167.8961236545397
4,3500,inf,False,0,250,True,4.522328993481295
4,3500,inf,False,0,250,True,0.8347523531448999
4,3500,inf,False,0,250,True,11.30906749106083
4,3500,inf,False,0,250,True,5.186441219288
4,3500,inf,False,0,250,True,12.573128602537764
4,3500,inf,False,0,250,True,1.3052709831394367
4,3500,inf,False,0,250,True,55.755319688533305
4,3500,inf,False,0,250,True,15.412427024794187
4,3500,inf,False,0,250,True,3.3293277747320094
4,3500,inf,False,0,250,True,0.3119898774994301
4,3500,inf,False,0,250,True,14.976422932079679
4,3500,inf,False,0,250,True,4.931534737394109
4,3500,inf,False,0,250,True,1.8223799758879764
4,3500,inf,False,0,250,True,5.918820463361271
4,3500,inf,False,0,250,True,2.538578197963293
4,3500,inf,False,0,250,True,1.3500508780321248
4,3500,inf,False,0,250,True,2.4311295775762574
4,3500,inf,False,0,250,True,0.3476611615933183
4,3500,inf,False,0,250,True,3.811269792077084
4,3500,inf,False,0,250,True,19.41534398472492
4,3500,inf,False,0,250,True,0.1283946715584623
4,3500,inf,False,0,250,True,0.22743995373475556
4,3500,inf,False,0,250,True,4.438605351221511
4,3500,inf,False,0,250,True,0.27334424923675016
4,3500,inf,False,0,250,True,7.6931035125593965
4,3500,inf,False,0,250,True,0.7764452196382621
4,3500,inf,False,0,250,True,7.643056702570959
4,3500,inf,False,0,250,True,0.06326561165495548
4,3500,inf,False,0,250,True,1.706937893306666
4,3500,inf,False,0,250,True,0.8367637933709169
4,3500,inf,False,0,250,True,0.6456787190839126
4,3500,inf,False,0,250,True,2.0078541315077736
4,3500,inf,False,0,250,True,11.10444189763767
4,3500,inf,False,0,250,True,3.215117187052087
4,3500,inf,False,0,250,True,3.26001312207498
4,3500,inf,False,0,250,True,0.16639371639411848
4,3500,inf,False,0,250,True,0.9881339571670722
4,3500,inf,False,0,250,True,1.3589596701641824
4,3500,inf,False,0,250,True,2.478865297376956
4,3500,inf,False,0,250,True,0.680091498504936
4,3500,inf,False,0,250,True,0.35889261385500326
4,3500,inf,False,0,250,True,4.989083637270809
4,3500,inf,False,0,250,True,16.649208620163215
4,3500,inf,False,0,250,True,0.7594076012388413
4,3500,inf,False,0,250,True,12.287654838968777
4,3500,inf,False,0,250,True,4.230556972791334
4,3500,inf,False,0,250,True,10.818390454967869
4,3500,inf,False,0,250,True,0.5486426564527562
4,3500,inf,False,0,250,True,1.0759893243327685
4,3500,inf,False,0,250,True,10.287396153618499
4,3500,inf,False,0,250,True,5.399053141425405
4,3500,inf,False,0,250,True,2.8817663518602643
4,3500,inf,False,0,250,True,1.650310442243672
4,3500,inf,False,0,250,True,68.86501789310068
4,3500,inf,False,0,250,True,11.3646287770042
4,3500,inf,False,0,250,True,9.356523885442883
4,3500,inf,False,0,250,True,2.9834442330951134
4,3500,inf,False,0,250,True,3.008437441511518
4,3500,inf,False,0,250,True,1.6922891125201431
4,3500,inf,False,0,250,True,0.4460714316214762
4,3500,inf,False,0,250,True,0.4857393616826897
4,3500,inf,False,0,250,True,0.21770006575079037
4,3500,inf,False,0,250,True,4.830406481833377
4,3500,inf,False,0,250,True,2.9860306994557533
4,3500,inf,False,0,250,True,1.5842745086973054
4,3500,inf,False,0,250,True,7.708881923937639
4,3500,inf,False,0,250,True,1.1892707535766078
4,3500,inf,False,0,250,True,0.13513453009359822
4,3500,inf,False,0,250,True,1.788103125592162
4,3500,inf,False,0,250,True,0.05188173244159522
4,3500,inf,False,0,250,True,22.407854589619348
4,3500,inf,False,0,250,True,5.888446089864175
4,3500,inf,False,0,250,True,0.34756880311744
4,3500,inf,False,0,250,True,0.2942293493860877
4,3500,inf,False,0,250,True,1.7978071083249105
4,3500,inf,False,0,250,True,3.226115263488623
4,3500,inf,False,0,250,True,1.189712267566776
4,3500,inf,False,0,250,True,2.615885194074771
4,3500,inf,False,0,250,True,151.73117787869833
4,3500,inf,False,0,250,True,0.7897392606193918
4,3500,inf,False,0,500,True,1.1518718711650493
4,3500,inf,False,0,500,True,0.033261790783257084
4,3500,inf,False,0,500,True,8.172473461121811
4,3500,inf,False,0,500,True,9.99789813406646
4,3500,inf,False,0,500,True,2.4939195307702313
4,3500,inf,False,0,500,True,2.454343196845713
4,3500,inf,False,0,500,True,0.724091071822297
4,3500,inf,False,0,500,True,0.07978690055266213
4,3500,inf,False,0,500,True,1.5884986864058135
4,3500,inf,False,0,500,True,0.7829788755719242
4,3500,inf,False,0,500,True,23.732284264059288
4,3500,inf,False,0,500,True,0.08920582029858082
4,3500,inf,False,0,500,True,4.06036530796392
4,3500,inf,False,0,500,True,0.11481167763069067
4,3500,inf,False,0,500,True,16.2971522791918
4,3500,inf,False,0,500,True,118.78840953129722
4,3500,inf,False,0,500,True,0.8012416800542255
4,3500,inf,False,0,500,True,3.214124341537321
4,3500,inf,False,0,500,True,1.6494726908986888
4,3500,inf,False,0,500,True,14.386400637078978
4,3500,inf,False,0,500,True,5.7433545179854875
4,3500,inf,False,0,500,True,23.712661931639786
4,3500,inf,False,0,500,True,4.585701785600932
4,3500,inf,False,0,500,True,0.7412473366615817
4,3500,inf,False,0,500,True,2.0715106168945034
4,3500,inf,False,0,500,True,1.4843616522599064
4,3500,inf,False,0,500,True,2.0803110750318723
4,3500,inf,False,0,500,True,0.13852806301954246
4,3500,inf,False,0,500,True,7.365479840211666
4,3500,inf,False,0,500,True,12.716835378769531
4,3500,inf,False,0,500,True,0.21738253646829264
4,3500,inf,False,0,500,True,0.30652937436425987
4,3500,inf,False,0,500,True,0.09575285305077585
4,3500,inf,False,0,500,True,4.499255713470603
4,3500,inf,False,0,500,True,5.042344559837211
4,3500,inf,False,0,500,True,0.9223328389138432
4,3500,inf,False,0,500,True,11.450785172947398
4,3500,inf,False,0,500,True,66.17779463386165
4,3500,inf,False,0,500,True,0.6762285253498481
4,3500,inf,False,0,500,True,2.328364535255167
4,3500,inf,False,0,500,True,2.3112539933305465
4,3500,inf,False,0,500,True,1.336161751565264
4,3500,inf,False,0,500,True,8.141555955323039
4,3500,inf,False,0,500,True,2.237960406445442
4,3500,inf,False,0,500,True,2.9025997647143953
4,3500,inf,False,0,500,True,29.82468709310318
4,3500,inf,False,0,500,True,4.849842854603148
4,3500,inf,False,0,500,True,10.872201103355362
4,3500,inf,False,0,500,True,6.397417656728521
4,3500,inf,False,0,500,True,7.6671143985650545
4,3500,inf,False,0,500,True,8.146601609016347
4,3500,inf,False,0,500,True,5.949109501660423
4,3500,inf,False,0,500,True,7.818372295290217
4,3500,inf,False,0,500,True,9.850406062368336
4,3500,inf,False,0,500,True,1.804707624714851
4,3500,inf,False,0,500,True,5.727334229207926
4,3500,inf,False,0,500,True,19.141765899924962
4,3500,inf,False,0,500,True,7.333799004672549
4,3500,inf,False,0,500,True,1.3330959804768092
4,3500,inf,False,0,500,True,0.6184245342340446
4,3500,inf,False,0,500,True,2.11737872712623
4,3500,inf,False,0,500,True,3.448430606620679
4,3500,inf,False,0,500,True,8.572540686426052
4,3500,inf,False,0,500,True,0.30469449850708585
4,3500,inf,False,0,500,True,5.185078266049782
4,3500,inf,False,0,500,True,3.7371707027151118
4,3500,inf,False,0,500,True,0.3202304711672409
4,3500,inf,False,0,500,True,101.53936674842748
4,3500,inf,False,0,500,True,2.4563953067793385
4,3500,inf,False,0,500,True,0.09018932200124752
4,3500,inf,False,0,500,True,1.7615418622624546
4,3500,inf,False,0,500,True,0.5591398874658893
4,3500,inf,False,0,500,True,1.4964324983758175
4,3500,inf,False,0,500,True,0.1527286845631437
4,3500,inf,False,0,500,True,9.385829128316281
4,3500,inf,False,0,500,True,28.527263069627786
4,3500,inf,False,0,500,True,2.107817835214277
4,3500,inf,False,0,500,True,0.8778206650300362
4,3500,inf,False,0,500,True,2.1730884520160814
4,3500,inf,False,0,500,True,9.353570676116092
4,3500,inf,False,0,500,True,23.419966667287788
4,3500,inf,False,0,500,True,98.1580902760819
4,3500,inf,False,0,500,True,0.7633136493323605
4,3500,inf,False,0,500,True,14.097611276676282
4,3500,inf,False,0,500,True,0.47642363390712106
4,3500,inf,False,0,500,True,1.96009000001456
4,3500,inf,False,0,500,True,6.043920463565421
4,3500,inf,False,0,500,True,0.7487332190503082
4,3500,inf,False,0,500,True,1.8108882272935034
4,3500,inf,False,0,500,True,1.286611588326089
4,3500,inf,False,0,500,True,1.6502918607254102
4,3500,inf,False,0,500,True,3.3855053827452934
4,3500,inf,False,0,500,True,96.18382241766027
4,3500,inf,False,0,500,True,6.994286146519926
4,3500,inf,False,0,500,True,3.2177090455905812
4,3500,inf,False,0,500,True,0.015067851335203386
4,3500,inf,False,0,500,True,8.942477247115292
4,3500,inf,False,0,500,True,3.974295217426345
4,3500,inf,False,0,500,True,3.0692651064195307
4,3500,inf,False,0,500,True,0.7957409497714991
4,3500,inf,False,0,500,True,14.95613675706312
4,3500,inf,False,0,500,True,13.963343857761227
4,3500,inf,False,0,500,True,28.893936293386833
4,3500,inf,False,0,500,True,26.038121979657227
4,3500,inf,False,0,500,True,2.7214424301741804
4,3500,inf,False,0,500,True,1.0981618639527184
4,3500,inf,False,0,500,True,1.7444512299329205
4,3500,inf,False,0,500,True,31.23153815013277
4,3500,inf,False,0,500,True,1.6763543800021097
4,3500,inf,False,0,500,True,2.7463400589137716
4,3500,inf,False,0,500,True,7.468730198377063
4,3500,inf,False,0,500,True,6.079491211031453
4,3500,inf,False,0,500,True,1.6070024661622746
4,3500,inf,False,0,500,True,4.56050565361987
4,3500,inf,False,0,500,True,12.941329073780036
4,3500,inf,False,0,500,True,46.557374114021954
4,3500,inf,False,0,500,True,3.9088028227234695
4,3500,inf,False,0,500,True,1.293154092032637
4,3500,inf,False,0,500,True,3.5233741499399756
4,3500,inf,False,0,500,True,1.43711819904874
4,3500,inf,False,0,500,True,2.7152146403477673
4,3500,inf,False,0,500,True,1.0152700930848262
4,3500,inf,False,0,500,True,0.643057134544847
4,3500,inf,False,0,500,True,0.36234425382814095
4,3500,inf,False,0,500,True,6.268714773906467
4,3500,inf,False,0,500,True,3.898879493309636
4,3500,inf,False,0,500,True,7.75082702395372
4,3500,inf,False,0,500,True,5.6459042873962275
4,3500,inf,False,0,500,True,2.1668474323390825
4,3500,inf,False,0,500,True,0.539545313977186
4,3500,inf,False,0,500,True,1.498128184113888
4,3500,inf,False,0,500,True,8.851979160538065
4,3500,inf,False,0,500,True,0.3603966762279498
4,3500,inf,False,0,500,True,0.7375082421915735
4,3500,inf,False,0,500,True,1.435604361670812
4,3500,inf,False,0,500,True,20.04510687561332
4,3500,inf,False,0,500,True,1.1578677911011823
4,3500,inf,False,0,500,True,20.70993676334104
4,3500,inf,False,0,500,True,1.0595355839285316
4,3500,inf,False,0,500,True,7.700298324089996
4,3500,inf,False,0,500,True,9.582410324693882
4,3500,inf,False,0,500,True,3.0974607117804
4,3500,inf,False,0,500,True,6.984623502359485
4,3500,inf,False,0,500,True,4.696829322298015
4,3500,inf,False,0,500,True,6.082500422847854
4,3500,inf,False,0,500,True,4.269918703819592
4,3500,inf,False,0,500,True,1.025801342852648
4,3500,inf,False,0,500,True,14.860459167420878
4,3500,inf,False,0,500,True,0.47946640759997905
4,3500,inf,False,0,500,True,4.554619703060752
4,3500,inf,False,0,750,True,0.25822586635209177
4,3500,inf,False,0,750,True,139.52387589452331
4,3500,inf,False,0,750,True,4.256045526486975
4,3500,inf,False,0,750,True,3.4698736296146535
4,3500,inf,False,0,750,True,1.2014586644847896
4,3500,inf,False,0,750,True,0.11631212118289369
4,3500,inf,False,0,750,True,56.69278976700288
4,3500,inf,False,0,750,True,63.2463565248479
4,3500,inf,False,0,750,True,5.766887573484723
4,3500,inf,False,0,750,True,13.546445293024888
4,3500,inf,False,0,750,True,0.309391527443033
4,3500,inf,False,0,750,True,3.269153235741946
4,3500,inf,False,0,750,True,9.986398509503239
4,3500,inf,False,0,750,True,7.835376404506555
4,3500,inf,False,0,750,True,0.5537439337786161
4,3500,inf,False,0,750,True,1.9598565630179738
4,3500,inf,False,0,750,True,18.161117928844906
4,3500,inf,False,0,750,True,6.501851424568023
4,3500,inf,False,0,750,True,4.670480511142301
4,3500,inf,False,0,750,True,6.618632223883935
4,3500,inf,False,0,750,True,0.7180761289002149
4,3500,inf,False,0,750,True,3.9627786519164516
4,3500,inf,False,0,750,True,16.355854983744386
4,3500,inf,False,0,750,True,1.3488033627068319
4,3500,inf,False,0,750,True,4.1246089201590905
4,3500,inf,False,0,750,True,1.8109490955785645
4,3500,inf,False,0,750,True,1.0573215384800037
4,3500,inf,False,0,750,True,0.08828229214594785
4,3500,inf,False,0,750,True,3.337295400266509
4,3500,inf,False,0,750,True,1.0661616328759322
4,3500,inf,False,0,750,True,1.4268004483399253
4,3500,inf,False,0,750,True,2.8337277885614007
4,3500,inf,False,0,750,True,0.5978930521185788
4,3500,inf,False,0,750,True,81.33357177196208
4,3500,inf,False,0,750,True,1.6710850114117635
4,3500,inf,False,0,750,True,19.639972004135167
4,3500,inf,False,0,750,True,17.7985356487156
4,3500,inf,False,0,750,True,3.121314699044076
4,3500,inf,False,0,750,True,2.418041346751238
4,3500,inf,False,0,750,True,17.829764058915234
4,3500,inf,False,0,750,True,20.789911750663208
4,3500,inf,False,0,750,True,12.59974980066078
4,3500,inf,False,0,750,True,0.6271507409546047
4,3500,inf,False,0,750,True,33.30531800095503
4,3500,inf,False,0,750,True,6.829333994630723
4,3500,inf,False,0,750,True,2.426681757486037
4,3500,inf,False,0,750,True,14.195861206547292
4,3500,inf,False,0,750,True,139.59572802258919
4,3500,inf,False,0,750,True,0.5854732073409323
4,3500,inf,False,0,750,True,1.4866525970313518
4,3500,inf,False,0,750,True,5.225192398413014
4,3500,inf,False,0,750,True,2.072751272498479
4,3500,inf,False,0,750,True,83.98685233940739
4,3500,inf,False,0,750,True,1.5522132031189315
4,3500,inf,False,0,750,True,9.468446535443249
4,3500,inf,False,0,750,True,17.987236771049865
4,3500,inf,False,0,750,True,4.990669919506786
4,3500,inf,False,0,750,True,3.5665339057158896
4,3500,inf,False,0,750,True,1.7245959908168622
4,3500,inf,False,0,750,True,0.730067208034697
4,3500,inf,False,0,750,True,39.080809270619774
4,3500,inf,False,0,750,True,2.7312828032637686
4,3500,inf,False,0,750,True,14.767172408304205
4,3500,inf,False,0,750,True,3.9515034037890118
4,3500,inf,False,0,750,True,147.2586535977874
4,3500,inf,False,0,750,True,1.4590680542936347
4,3500,inf,False,0,750,True,10.418458910794392
4,3500,inf,False,0,750,True,6.262894282548153
4,3500,inf,False,0,750,True,12.480750206386169
4,3500,inf,False,0,750,True,5.950644506921143
4,3500,inf,False,0,750,True,5.895374114290931
4,3500,inf,False,0,750,True,59.793824525601806
4,3500,inf,False,0,750,True,19.226383329708966
4,3500,inf,False,0,750,True,17.94670295258618
4,3500,inf,False,0,750,True,25.32960546085711
4,3500,inf,False,0,750,True,7.561207974215812
4,3500,inf,False,0,750,True,3.576800288831862
4,3500,inf,False,0,750,True,4.867498503783928
4,3500,inf,False,0,750,True,11.659282590253294
4,3500,inf,False,0,750,True,2.760742494120052
4,3500,inf,False,0,750,True,0.196464250352534
4,3500,inf,False,0,750,True,58.96929845570379
4,3500,inf,False,0,750,True,4.235815261643501
4,3500,inf,False,0,750,True,1.7690674446747083
4,3500,inf,False,0,750,True,10.429496992309204
4,3500,inf,False,0,750,True,28.582039256990097
4,3500,inf,False,0,750,True,7.347575226262951
4,3500,inf,False,0,750,True,3.1167356922440064
4,3500,inf,False,0,750,True,171.1396687872101
4,3500,inf,False,0,750,True,1.4096913556653163
4,3500,inf,False,0,750,True,0.8520101657261456
4,3500,inf,False,0,750,True,28.39817051241249
4,3500,inf,False,0,750,True,2.34962867786248
4,3500,inf,False,0,750,True,8.507006730281564
4,3500,inf,False,0,750,True,10.06822142742049
4,3500,inf,False,0,750,True,1.7550223362871975
4,3500,inf,False,0,750,True,1.4474398001094286
4,3500,inf,False,0,750,True,11.159383196713964
4,3500,inf,False,0,750,True,1.044746194026466
4,3500,inf,False,0,750,True,5.575291363074598
4,3500,inf,False,0,750,True,24.525689102154644
4,3500,inf,False,0,750,True,6.258311968640328
4,3500,inf,False,0,750,True,4.453928047958186
4,3500,inf,False,0,750,True,4.024091185913086
4,3500,inf,False,0,750,True,0.7599916744476687
4,3500,inf,False,0,750,True,4.892543153816703
4,3500,inf,False,0,750,True,10.898360678335592
4,3500,inf,False,0,750,True,0.6150110340084609
4,3500,inf,False,0,750,True,1.6193096520443717
4,3500,inf,False,0,750,True,8.59050029369854
4,3500,inf,False,0,750,True,6.7867142689679625
4,3500,inf,False,0,750,True,1.3860659138346616
4,3500,inf,False,0,750,True,0.05405470883194852
4,3500,inf,False,0,750,True,5.276898064560157
4,3500,inf,False,0,750,True,1.886689990461278
4,3500,inf,False,0,750,True,1.3701899239924238
4,3500,inf,False,0,750,True,7.910986439553419
4,3500,inf,False,0,750,True,11.427866930638078
4,3500,inf,False,0,750,True,0.03185613190407821
4,3500,inf,False,0,750,True,3.862650975619708
4,3500,inf,False,0,750,True,9.235872816990913
4,3500,inf,False,0,750,True,1.571221928926775
4,3500,inf,False,0,750,True,22.192888556572186
4,3500,inf,False,0,750,True,23.35089402729691
4,3500,inf,False,0,750,True,53.13299280576081
4,3500,inf,False,0,750,True,147.2182719189756
4,3500,inf,False,0,750,True,25.064892675479925
4,3500,inf,False,0,750,True,3.5165392871671557
4,3500,inf,False,0,750,True,17.996187293776977
4,3500,inf,False,0,750,True,0.9846499862061187
4,3500,inf,False,0,750,True,2.8451077453470788
4,3500,inf,False,0,750,True,4.896480214215792
4,3500,inf,False,0,750,True,2.019351057089546
4,3500,inf,False,0,750,True,9.19728630379064
4,3500,inf,False,0,750,True,3.956055000589423
4,3500,inf,False,0,750,True,1.1480925323528623
4,3500,inf,False,0,750,True,5.579509326329884
4,3500,inf,False,0,750,True,12.206875919105414
4,3500,inf,False,0,750,True,0.9703481379768206
4,3500,inf,False,0,750,True,1.2840583322484882
4,3500,inf,False,0,750,True,0.4021705678956593
4,3500,inf,False,0,750,True,6.653089404090856
4,3500,inf,False,0,750,True,2.225854102554166
4,3500,inf,False,0,750,True,1.6875635405728957
4,3500,inf,False,0,750,True,26.203576683122854
4,3500,inf,False,0,750,True,4.741206313117317
4,3500,inf,False,0,750,True,0.6363916838689541
4,3500,inf,False,0,750,True,2.5674799847488083
4,3500,inf,False,0,750,True,7.415097988678749
4,3500,inf,False,0,750,True,1.7121762557654563
4,3500,inf,False,0,1000,True,5.682195943953779
4,3500,inf,False,0,1000,True,12.830989778605748
4,3500,inf,False,0,1000,True,0.7205635279944573
4,3500,inf,False,0,1000,True,4.700493603567736
4,3500,inf,False,0,1000,True,11.076484691031986
4,3500,inf,False,0,1000,True,14.728607861023974
4,3500,inf,False,0,1000,True,23.128249111395334
4,3500,inf,False,0,1000,True,16.76226051469751
4,3500,inf,False,0,1000,True,14.434190512610442
4,3500,inf,False,0,1000,True,3.2336445122500876
4,3500,inf,False,0,1000,True,6.817159679840342
4,3500,inf,False,0,1000,True,15.44327802594547
4,3500,inf,False,0,1000,True,7.107967671343232
4,3500,inf,False,0,1000,True,37.658419903364475
4,3500,inf,False,0,1000,True,11.058762483810966
4,3500,inf,False,0,1000,True,15.340830066938103
4,3500,inf,False,0,1000,True,31.7717681238824
4,3500,inf,False,0,1000,True,1.9620440221225464
4,3500,inf,False,0,1000,True,21.342970161806868
4,3500,inf,False,0,1000,True,15.834906540818238
4,3500,inf,False,0,1000,True,93.81120129876516
4,3500,inf,False,0,1000,True,27.727254522779546
4,3500,inf,False,0,1000,True,0.38749860280364734
4,3500,inf,False,0,1000,True,7.662486275277473
4,3500,inf,False,0,1000,True,5.941064554773568
4,3500,inf,False,0,1000,True,2.965124489920939
4,3500,inf,False,0,1000,True,1.7590089300052298
4,3500,inf,False,0,1000,True,0.9317425229174585
4,3500,inf,False,0,1000,True,1.922732459323801
4,3500,inf,False,0,1000,True,113.9176592928124
4,3500,inf,False,0,1000,True,33.56366274374319
4,3500,inf,False,0,1000,True,109.58284273342787
4,3500,inf,False,0,1000,True,74.27734433097122
4,3500,inf,False,0,1000,True,3.446408015365826
4,3500,inf,False,0,1000,True,65.09774186942937
4,3500,inf,False,0,1000,True,3.0651001809401848
4,3500,inf,False,0,1000,True,1.249624926922536
4,3500,inf,False,0,1000,True,3.8412219837798247
4,3500,inf,False,0,1000,True,93.75745403081463
4,3500,inf,False,0,1000,True,10.030033535449
4,3500,inf,False,0,1000,True,41.75152271168943
4,3500,inf,False,0,1000,True,1.2541644644295395
4,3500,inf,False,0,1000,True,2.4427775712842674
4,3500,inf,False,0,1000,True,36.623528472860144
4,3500,inf,False,0,1000,True,6.858316965131653
4,3500,inf,False,0,1000,True,2.1802389239330857
4,3500,inf,False,0,1000,True,1.0614715709177354
4,3500,inf,False,0,1000,True,2.0254860243364092
4,3500,inf,False,0,1000,True,6.792883185847117
4,3500,inf,False,0,1000,True,23.51575719449567
4,3500,inf,False,0,1000,True,93.44212438515513
4,3500,inf,False,0,1000,True,5.598988552056937
4,3500,inf,False,0,1000,True,3.3195618748814866
4,3500,inf,False,0,1000,True,5.0888388166382015
4,3500,inf,False,0,1000,True,8.258505799487967
4,3500,inf,False,0,1000,True,7.949582844889608
4,3500,inf,False,0,1000,True,38.766150175267015
4,3500,inf,False,0,1000,True,11.353844816425294
4,3500,inf,False,0,1000,True,10.33654973896967
4,3500,inf,False,0,1000,True,6.443073995794965
4,3500,inf,False,0,1000,True,39.0205109881075
4,3500,inf,False,0,1000,True,19.827409059558004
4,3500,inf,False,0,1000,True,11.867973553219294
4,3500,inf,False,0,1000,True,1.6711299530072061
4,3500,inf,False,0,1000,True,17.43084478325352
4,3500,inf,False,0,1000,True,27.041648599582455
4,3500,inf,False,0,1000,True,18.49784338191855
4,3500,inf,False,0,1000,True,30.024562880474186
4,3500,inf,False,0,1000,True,23.950581697268767
4,3500,inf,False,0,1000,True,47.97955158139854
4,3500,inf,False,0,1000,True,117.47840369877869
4,3500,inf,False,0,1000,True,4.843481892200923
4,3500,inf,False,0,1000,True,1.519765936664129
4,3500,inf,False,0,1000,True,17.249029779655245
4,3500,inf,False,0,1000,True,13.697540833644169
4,3500,inf,False,0,1000,True,3.07985356011708
4,3500,inf,False,0,1000,True,14.390580725006696
4,3500,inf,False,0,1000,True,5.546307187491099
4,3500,inf,False,0,1000,True,8.795093280132015
4,3500,inf,False,0,1000,True,2.757470381121757
4,3500,inf,False,0,1000,True,22.580450077940895
4,3500,inf,False,0,1000,True,1.8483628891219808
4,3500,inf,False,0,1000,True,56.768475970468835
4,3500,inf,False,0,1000,True,30.805701434293272
4,3500,inf,False,0,1000,True,0.534991061946462
4,3500,inf,False,0,1000,True,17.261266664277397
4,3500,inf,False,0,1000,True,2.616241211123551
4,3500,inf,False,0,1000,True,4.085957744096756
4,3500,inf,False,0,1000,True,5.131547526609007
4,3500,inf,False,0,1000,True,11.602249122410381
4,3500,inf,False,0,1000,True,8.623603791959155
4,3500,inf,False,0,1000,True,8.037733160249843
4,3500,inf,False,0,1000,True,4.266145078922198
4,3500,inf,False,0,1000,True,8.80765225880296
4,3500,inf,False,0,1000,True,5.4787352493587775
4,3500,inf,False,0,1000,True,53.836560777561864
4,3500,inf,False,0,1000,True,3.48135894904056
4,3500,inf,False,0,1000,True,0.7432699519569255
4,3500,inf,False,0,1000,True,2.986444312917028
4,3500,inf,False,0,1000,True,1.4841792482865728
4,3500,inf,False,0,1000,True,5.474712781489757
4,3500,inf,False,0,1000,True,150.86754679109066
4,3500,inf,False,0,1000,True,1.8775901046760737
4,3500,inf,False,0,1000,True,36.605074012556834
4,3500,inf,False,0,1000,True,8.841091727569037
4,3500,inf,False,0,1000,True,17.84162083268705
4,3500,inf,False,0,1000,True,1.6908129815396542
4,3500,inf,False,0,1000,True,28.949414655067088
4,3500,inf,False,0,1000,True,1.958896016688211
4,3500,inf,False,0,1000,True,14.007998829126574
4,3500,inf,False,0,1000,True,22.520185378435748
4,3500,inf,False,0,1000,True,5.550653812800505
4,3500,inf,False,0,1000,True,14.256404830095434
4,3500,inf,False,0,1000,True,7.756791271065825
4,3500,inf,False,0,1000,True,2.89946050410785
4,3500,inf,False,0,1000,True,18.64903104595541
4,3500,inf,False,0,1000,True,1.8167573795955256
4,3500,inf,False,0,1000,True,8.460517655620688
4,3500,inf,False,0,1000,True,35.72281467239822
4,3500,inf,False,0,1000,True,3.114621344176758
4,3500,inf,False,0,1000,True,48.76032912978377
4,3500,inf,False,0,1000,True,3.1482873147319914
4,3500,inf,False,0,1000,True,2.470258088454802
4,3500,inf,False,0,1000,True,2.127874813686229
4,3500,inf,False,0,1000,True,24.684903541965532
4,3500,inf,False,0,1000,True,23.77005334313493
4,3500,inf,False,0,1000,True,9.097668023656942
4,3500,inf,False,0,1000,True,10.74047206528627
4,3500,inf,False,0,1000,True,8.025098628728767
4,3500,inf,False,0,1000,True,1.2979094271860774
4,3500,inf,False,0,1000,True,2.125170383970783
4,3500,inf,False,0,1000,True,5.492270611423159
4,3500,inf,False,0,1000,True,9.595563480598802
4,3500,inf,False,0,1000,True,7.447481836175796
4,3500,inf,False,0,1000,True,3.3489302121194697
4,3500,inf,False,0,1000,True,3.0667679362852525
4,3500,inf,False,0,1000,True,8.974315268878012
4,3500,inf,False,0,1000,True,12.98859425754408
4,3500,inf,False,0,1000,True,5.254201962876293
4,3500,inf,False,0,1000,True,6.085306501084717
4,3500,inf,False,0,1000,True,3.0688443046228073
4,3500,inf,False,0,1000,True,17.146296164894416
4,3500,inf,False,0,1000,True,55.45119799026118
4,3500,inf,False,0,1000,True,22.307856229126415
4,3500,inf,False,0,1000,True,24.899970761549675
4,3500,inf,False,0,1000,True,0.08414331075692161
4,3500,inf,False,0,1000,True,2.526678909388316
4,3500,inf,False,0,1000,True,2.1147366778844017
4,3500,inf,False,0,1000,True,12.627933073513944
4,3500,inf,False,0,1000,True,8.517795728915885
4,3500,inf,False,10,0,True,12.634187954532123
4,3500,inf,False,10,0,True,0.015509026461785425
4,3500,inf,False,10,0,True,1.7356269244437321
4,3500,inf,False,10,0,True,0.09137428862072738
4,3500,inf,False,10,0,True,0.04560620917838776
4,3500,inf,False,10,0,True,0.07099836179958174
4,3500,inf,False,10,0,True,5.682616507676734
4,3500,inf,False,10,0,True,0.4622156663311827
4,3500,inf,False,10,0,True,3.6335401877435043
4,3500,inf,False,10,0,True,1.4212405755236261
4,3500,inf,False,10,0,True,0.32377886338348816
4,3500,inf,False,10,0,True,0.037478439516092976
4,3500,inf,False,10,0,True,0.6417748178755573
4,3500,inf,False,10,0,True,5.0870904581111205
4,3500,inf,False,10,0,True,2.0534104271462894
4,3500,inf,False,10,0,True,8.231366990731999
4,3500,inf,False,10,0,True,0.13403502796917266
4,3500,inf,False,10,0,True,54.513549091349944
4,3500,inf,False,10,0,True,3.385634638555551
4,3500,inf,False,10,0,True,0.015230415333080671
4,3500,inf,False,10,0,True,0.21482677816550222
4,3500,inf,False,10,0,True,0.6680857414474062
4,3500,inf,False,10,0,True,0.4375506932532396
4,3500,inf,False,10,0,True,24.210086270774504
4,3500,inf,False,10,0,True,5.428359794612206
4,3500,inf,False,10,0,True,1.8193033572694368
4,3500,inf,False,10,0,True,48.66322063257658
4,3500,inf,False,10,0,True,1.6267123817165405
4,3500,inf,False,10,0,True,0.34813832497163233
4,3500,inf,False,10,0,True,2.9502770144698225
4,3500,inf,False,10,0,True,0.03255090942980843
4,3500,inf,False,10,0,True,0.01000969894969117
4,3500,inf,False,10,0,True,0.5477812320188455
4,3500,inf,False,10,0,True,0.10120668653419784
4,3500,inf,False,10,0,True,1.0894419820623824
4,3500,inf,False,10,0,True,0.29844278289846216
4,3500,inf,False,10,0,True,0.9557232926466916
4,3500,inf,False,10,0,True,3.90813575766812
4,3500,inf,False,10,0,True,0.02047259673834745
4,3500,inf,False,10,0,True,1.0895747220731664
4,3500,inf,False,10,0,True,0.171271058255968
4,3500,inf,False,10,0,True,12.29312733722119
4,3500,inf,False,10,0,True,0.05609985171370724
4,3500,inf,False,10,0,True,0.06408864040475493
4,3500,inf,False,10,0,True,114.3234080014067
4,3500,inf,False,10,0,True,1.7277862263054402
4,3500,inf,False,10,0,True,0.09116559493680398
4,3500,inf,False,10,0,True,3.749172304791596
4,3500,inf,False,10,0,True,60.16734229123209
4,3500,inf,False,10,0,True,3.777963668957196
4,3500,inf,False,10,0,True,4.393600938748307
4,3500,inf,False,10,0,True,34.043235784747374
4,3500,inf,False,10,0,True,2.9722383027166455
4,3500,inf,False,10,0,True,0.6780164056565496
4,3500,inf,False,10,0,True,1.8666617293781655
4,3500,inf,False,10,0,True,0.4896304117568917
4,3500,inf,False,10,0,True,0.09109554499963224
4,3500,inf,False,10,0,True,30.6064171391682
4,3500,inf,False,10,0,True,1.1043464203675697
4,3500,inf,False,10,0,True,0.01379050364793244
4,3500,inf,False,10,0,True,17.156132422071792
4,3500,inf,False,10,0,True,0.3365877513717024
4,3500,inf,False,10,0,True,0.03335391282683986
4,3500,inf,False,10,0,True,5.325761670062583
4,3500,inf,False,10,0,True,2.15939256054466
4,3500,inf,False,10,0,True,4.275463034335743
4,3500,inf,False,10,0,True,0.22006994848513273
4,3500,inf,False,10,0,True,0.15477708408596413
4,3500,inf,False,10,0,True,1.5727844430960118
4,3500,inf,False,10,0,True,20.440282710508054
4,3500,inf,False,10,0,True,2.825486983634253
4,3500,inf,False,10,0,True,4.403929134557387
4,3500,inf,False,10,0,True,16.057480703868286
4,3500,inf,False,10,0,True,1.5230221436901275
4,3500,inf,False,10,0,True,17.10839993158536
4,3500,inf,False,10,0,True,0.7702924526670358
4,3500,inf,False,10,0,True,1.4799597283420916
4,3500,inf,False,10,0,True,11.373485383324208
4,3500,inf,False,10,0,True,2.5991124149350178
4,3500,inf,False,10,0,True,1.0474550538016647
4,3500,inf,False,10,0,True,0.704249229780288
4,3500,inf,False,10,0,True,12.200822723668637
4,3500,inf,False,10,0,True,58.75624512033239
4,3500,inf,False,10,0,True,7.119211692731874
4,3500,inf,False,10,0,True,1.3298868035950555
4,3500,inf,False,10,0,True,3.069732349826225
4,3500,inf,False,10,0,True,0.1136204464092998
4,3500,inf,False,10,0,True,5.718247470898568
4,3500,inf,False,10,0,True,0.2993435525133279
4,3500,inf,False,10,0,True,0.4485095522331477
4,3500,inf,False,10,0,True,7.27094471676676
4,3500,inf,False,10,0,True,4.913528545904228
4,3500,inf,False,10,0,True,0.2463827742072766
4,3500,inf,False,10,0,True,12.794816016905628
4,3500,inf,False,10,0,True,2.8894560833318508
4,3500,inf,False,10,0,True,77.61837361612646
4,3500,inf,False,10,0,True,3.358804785316453
4,3500,inf,False,10,0,True,0.789597809891994
4,3500,inf,False,10,0,True,1.4578221856827938
4,3500,inf,False,10,0,True,29.70129233211121
4,3500,inf,False,10,0,True,30.492989527446117
4,3500,inf,False,10,0,True,0.2861384065976864
4,3500,inf,False,10,0,True,0.514656109624088
4,3500,inf,False,10,0,True,4.42818292701358
4,3500,inf,False,10,0,True,0.10328658501913957
4,3500,inf,False,10,0,True,5.998656232021844
4,3500,inf,False,10,0,True,0.22294292730097354
4,3500,inf,False,10,0,True,0.5569807050835927
4,3500,inf,False,10,0,True,16.167511181145372
4,3500,inf,False,10,0,True,1.331165582420745
4,3500,inf,False,10,0,True,0.10954031347453252
4,3500,inf,False,10,0,True,2.9888852196125484
4,3500,inf,False,10,0,True,7.066463159495562
4,3500,inf,False,10,0,True,1.3082161870984415
4,3500,inf,False,10,0,True,5.165758284789644
4,3500,inf,False,10,0,True,0.17570334295189127
4,3500,inf,False,10,0,True,1.0193789706183267
4,3500,inf,False,10,0,True,2.3893981016159245
4,3500,inf,False,10,0,True,0.39498876895420665
4,3500,inf,False,10,0,True,0.5138877249520277
4,3500,inf,False,10,0,True,0.5766446633064746
4,3500,inf,False,10,0,True,0.10378858419376513
4,3500,inf,False,10,0,True,16.19746805454271
4,3500,inf,False,10,0,True,0.526232719663497
4,3500,inf,False,10,0,True,10.865613552380879
4,3500,inf,False,10,0,True,1.4921420743575737
4,3500,inf,False,10,0,True,0.1446306368031216
4,3500,inf,False,10,0,True,0.35317972485744775
4,3500,inf,False,10,0,True,4.41893836106415
4,3500,inf,False,10,0,True,66.15262567376078
4,3500,inf,False,10,0,True,2.0252384062610105
4,3500,inf,False,10,0,True,0.012338456705357714
4,3500,inf,False,10,0,True,9.748829073497767
4,3500,inf,False,10,0,True,1.9278125773882557
4,3500,inf,False,10,0,True,4.235229119799328
4,3500,inf,False,10,0,True,0.30635911292205975
4,3500,inf,False,10,0,True,12.539842840740533
4,3500,inf,False,10,0,True,3.3964100383037206
4,3500,inf,False,10,0,True,0.5034458973649976
4,3500,inf,False,10,0,True,0.054001154678630314
4,3500,inf,False,10,0,True,0.8052561352252781
4,3500,inf,False,10,0,True,1.3230227802519465
4,3500,inf,False,10,0,True,4.449169447287757
4,3500,inf,False,10,0,True,0.05874864686859382
4,3500,inf,False,10,0,True,0.2308493355118948
4,3500,inf,False,10,0,True,0.3503313479664607
4,3500,inf,False,10,0,True,1.3236867530009238
4,3500,inf,False,10,0,True,0.23361877127177166
4,3500,inf,False,10,0,True,9.440752130296204
4,3500,inf,False,10,0,True,0.042914746193947195
4,3500,inf,False,10,250,True,1.1702375267240157
4,3500,inf,False,10,250,True,2.408620626408837
4,3500,inf,False,10,250,True,4.196515085778707
4,3500,inf,False,10,250,True,3.925087518673166
4,3500,inf,False,10,250,True,1.5213118740927172
4,3500,inf,False,10,250,True,11.245499966024653
4,3500,inf,False,10,250,True,0.8657941372328111
4,3500,inf,False,10,250,True,2.279909740896084
4,3500,inf,False,10,250,True,4.6640587665792665
4,3500,inf,False,10,250,True,1.4605262664696568
4,3500,inf,False,10,250,True,4.9314290196598165
4,3500,inf,False,10,250,True,0.45095073662067975
4,3500,inf,False,10,250,True,48.40247936402787
4,3500,inf,False,10,250,True,0.08987302070372749
4,3500,inf,False,10,250,True,0.6376613342760216
4,3500,inf,False,10,250,True,0.8435558729782429
4,3500,inf,False,10,250,True,6.402988995119056
4,3500,inf,False,10,250,True,1.44649039390481
4,3500,inf,False,10,250,True,140.20448447999527
4,3500,inf,False,10,250,True,0.9729904851032956
4,3500,inf,False,10,250,True,169.6707054365508
4,3500,inf,False,10,250,True,0.8530437679954517
4,3500,inf,False,10,250,True,0.010056517769683637
4,3500,inf,False,10,250,True,2.657063708969723
4,3500,inf,False,10,250,True,16.96738409908368
4,3500,inf,False,10,250,True,2.6656584844784206
4,3500,inf,False,10,250,True,0.8175454087986358
4,3500,inf,False,10,250,True,1.6159015048429346
4,3500,inf,False,10,250,True,6.072894605635689
4,3500,inf,False,10,250,True,4.952495573056851
4,3500,inf,False,10,250,True,0.20743309993090975
4,3500,inf,False,10,250,True,7.859405440839055
4,3500,inf,False,10,250,True,2.675143487201453
4,3500,inf,False,10,250,True,2.9298349311063347
4,3500,inf,False,10,250,True,0.6021225547500961
4,3500,inf,False,10,250,True,3.6012335160853226
4,3500,inf,False,10,250,True,0.8693700335556542
4,3500,inf,False,10,250,True,1.5378281699018856
4,3500,inf,False,10,250,True,5.835675031216212
4,3500,inf,False,10,250,True,1.5259751112920554
4,3500,inf,False,10,250,True,1.0707486756116111
4,3500,inf,False,10,250,True,2.1887781786718676
4,3500,inf,False,10,250,True,2.6050466506865995
4,3500,inf,False,10,250,True,0.3175253551157766
4,3500,inf,False,10,250,True,42.33344620447161
4,3500,inf,False,10,250,True,4.567691603622151
4,3500,inf,False,10,250,True,1.8495697567707907
4,3500,inf,False,10,250,True,1.8629320223981765
4,3500,inf,False,10,250,True,0.638128130028333
4,3500,inf,False,10,250,True,3.9512523779762745
4,3500,inf,False,10,250,True,1.6335530603468005
4,3500,inf,False,10,250,True,11.637955803307221
4,3500,inf,False,10,250,True,2.447605948035962
4,3500,inf,False,10,250,True,0.7360623026708097
4,3500,inf,False,10,250,True,2.834162355847104
4,3500,inf,False,10,250,True,4.0373800638240525
4,3500,inf,False,10,250,True,3.3705193459784297
4,3500,inf,False,10,250,True,0.24256780385755583
4,3500,inf,False,10,250,True,1.33771759539475
4,3500,inf,False,10,250,True,0.1681025670686509
4,3500,inf,False,10,250,True,2.3196515937263342
4,3500,inf,False,10,250,True,1.1012508950603217
4,3500,inf,False,10,250,True,0.20351205247338555
4,3500,inf,False,10,250,True,18.245672055352628
4,3500,inf,False,10,250,True,0.24270705175025142
4,3500,inf,False,10,250,True,4.320705086149346
4,3500,inf,False,10,250,True,1.8409430787349237
4,3500,inf,False,10,250,True,1.1546109141443353
4,3500,inf,False,10,250,True,3.4033886557325275
4,3500,inf,False,10,250,True,3.325185222837355
4,3500,inf,False,10,250,True,0.9134361659366519
4,3500,inf,False,10,250,True,0.34500934806579764
4,3500,inf,False,10,250,True,0.9717697352809047
4,3500,inf,False,10,250,True,0.549292822612216
4,3500,inf,False,10,250,True,5.3518826383294
4,3500,inf,False,10,250,True,1.326207238582388
4,3500,inf,False,10,250,True,4.93498641574962
4,3500,inf,False,10,250,True,1.5181256927409041
4,3500,inf,False,10,250,True,0.3689743374621699
4,3500,inf,False,10,250,True,0.4540646981033234
4,3500,inf,False,10,250,True,0.6544049026826997
4,3500,inf,False,10,250,True,0.18593393954632376
4,3500,inf,False,10,250,True,2.9579087342167334
4,3500,inf,False,10,250,True,27.14004853292773
4,3500,inf,False,10,250,True,6.330300738164247
4,3500,inf,False,10,250,True,2.9826862488876813
4,3500,inf,False,10,250,True,11.068500348618633
4,3500,inf,False,10,250,True,2.1199821667492955
4,3500,inf,False,10,250,True,2.328830294731098
4,3500,inf,False,10,250,True,2.150542200503766
4,3500,inf,False,10,250,True,4.298348329484384
4,3500,inf,False,10,250,True,4.189775232588694
4,3500,inf,False,10,250,True,0.07881968570606546
4,3500,inf,False,10,250,True,3.279463035865845
4,3500,inf,False,10,250,True,1.897283571019031
4,3500,inf,False,10,250,True,9.892675846467782
4,3500,inf,False,10,250,True,6.628861810737426
4,3500,inf,False,10,250,True,2.2722762626651445
4,3500,inf,False,10,250,True,6.445618882642659
4,3500,inf,False,10,250,True,1.0514552627790152
4,3500,inf,False,10,250,True,0.05859266122225382
4,3500,inf,False,10,250,True,18.4989901727933
4,3500,inf,False,10,250,True,12.966994245936448
4,3500,inf,False,10,250,True,0.4200242606324096
4,3500,inf,False,10,250,True,28.334519845146474
4,3500,inf,False,10,250,True,2.647039229478999
4,3500,inf,False,10,250,True,0.8548913150811472
4,3500,inf,False,10,250,True,92.29743391929627
4,3500,inf,False,10,250,True,3.001766519795652
4,3500,inf,False,10,250,True,2.5625676044445633
4,3500,inf,False,10,250,True,4.824477742576189
4,3500,inf,False,10,250,True,1.0008944965942348
4,3500,inf,False,10,250,True,0.4933096286962808
4,3500,inf,False,10,250,True,2.3497478341366147
4,3500,inf,False,10,250,True,1.020742395034489
4,3500,inf,False,10,250,True,6.3161344185465325
4,3500,inf,False,10,250,True,3.061290307506013
4,3500,inf,False,10,250,True,0.09828774716318023
4,3500,inf,False,10,250,True,1.9758447054867156
4,3500,inf,False,10,250,True,2.8357584814903145
4,3500,inf,False,10,250,True,10.410531952937575
4,3500,inf,False,10,250,True,0.10163169735466226
4,3500,inf,False,10,250,True,0.6871807649040562
4,3500,inf,False,10,250,True,9.275676635217328
4,3500,inf,False,10,250,True,1.1335539752783887
4,3500,inf,False,10,250,True,1.1071288231395062
4,3500,inf,False,10,250,True,6.0801835088342955
4,3500,inf,False,10,250,True,0.8923175839707085
4,3500,inf,False,10,250,True,0.5272798602890134
4,3500,inf,False,10,250,True,0.9844556813354615
4,3500,inf,False,10,250,True,0.26496817118716365
4,3500,inf,False,10,250,True,9.353565895022307
4,3500,inf,False,10,250,True,1.3130973408720479
4,3500,inf,False,10,250,True,0.8395218286881558
4,3500,inf,False,10,250,True,0.4969707392342855
4,3500,inf,False,10,250,True,14.695165345646927
4,3500,inf,False,10,250,True,1.1692610057234916
4,3500,inf,False,10,250,True,57.500892241131126
4,3500,inf,False,10,250,True,0.3076733526606006
4,3500,inf,False,10,250,True,5.273266262187967
4,3500,inf,False,10,250,True,0.5189290816106293
4,3500,inf,False,10,250,True,3.536861698474734
4,3500,inf,False,10,250,True,3.1705145254706366
4,3500,inf,False,10,250,True,0.18083920138166576
4,3500,inf,False,10,250,True,32.98595422506249
4,3500,inf,False,10,250,True,0.7562227558495493
4,3500,inf,False,10,250,True,2.3806134149694067
4,3500,inf,False,10,250,True,0.14807863855892478
4,3500,inf,False,10,250,True,0.2155066284777547
4,3500,inf,False,10,250,True,2.078936732635352
4,3500,inf,False,10,500,True,3.2662430646708174
4,3500,inf,False,10,500,True,140.93742968264854
4,3500,inf,False,10,500,True,12.365730660946877
4,3500,inf,False,10,500,True,3.3790710003537185
4,3500,inf,False,10,500,True,0.18353804496079817
4,3500,inf,False,10,500,True,0.5599994364091536
4,3500,inf,False,10,500,True,10.616919499858056
4,3500,inf,False,10,500,True,5.783263142480166
4,3500,inf,False,10,500,True,1.6250495015035358
4,3500,inf,False,10,500,True,13.09178283665301
4,3500,inf,False,10,500,True,1.2840144265996045
4,3500,inf,False,10,500,True,152.23654251212048
4,3500,inf,False,10,500,True,1.635335877525284
4,3500,inf,False,10,500,True,1.3890100078979621
4,3500,inf,False,10,500,True,4.5479570129542495
4,3500,inf,False,10,500,True,0.516971411989303
4,3500,inf,False,10,500,True,6.066986884806013
4,3500,inf,False,10,500,True,2.578486630515613
4,3500,inf,False,10,500,True,4.710223957956828
4,3500,inf,False,10,500,True,5.455878760196288
4,3500,inf,False,10,500,True,1.754571711634334
4,3500,inf,False,10,500,True,10.695219064057184
4,3500,inf,False,10,500,True,0.6313992166455265
4,3500,inf,False,10,500,True,4.913948410312614
4,3500,inf,False,10,500,True,1.2627821278480127
4,3500,inf,False,10,500,True,3.3855710178868037
4,3500,inf,False,10,500,True,11.10229693694035
4,3500,inf,False,10,500,True,2.9710123258636454
4,3500,inf,False,10,500,True,42.4145096000835
4,3500,inf,False,10,500,True,2.7207860020796915
4,3500,inf,False,10,500,True,5.228490106593398
4,3500,inf,False,10,500,True,1.5885751085066246
4,3500,inf,False,10,500,True,0.7951838360191275
4,3500,inf,False,10,500,True,0.008313106542885862
4,3500,inf,False,10,500,True,13.353298091054626
4,3500,inf,False,10,500,True,4.321343953574143
4,3500,inf,False,10,500,True,5.807021390824204
4,3500,inf,False,10,500,True,4.621624192705426
4,3500,inf,False,10,500,True,1.0382744748156658
4,3500,inf,False,10,500,True,4.171933838975349
4,3500,inf,False,10,500,True,1.136530614049036
4,3500,inf,False,10,500,True,9.717841730756334
4,3500,inf,False,10,500,True,1.1601006885050964
4,3500,inf,False,10,500,True,1.7710329811367025
4,3500,inf,False,10,500,True,10.608353022128263
4,3500,inf,False,10,500,True,5.449676359508359
4,3500,inf,False,10,500,True,6.496441615361597
4,3500,inf,False,10,500,True,7.698082608346542
4,3500,inf,False,10,500,True,32.4730375731509
4,3500,inf,False,10,500,True,5.7873736706539685
4,3500,inf,False,10,500,True,17.26402487828848
4,3500,inf,False,10,500,True,12.051597057197952
4,3500,inf,False,10,500,True,2.7858011247160177
4,3500,inf,False,10,500,True,2.644070637136565
4,3500,inf,False,10,500,True,3.628490263983444
4,3500,inf,False,10,500,True,5.974553579332564
4,3500,inf,False,10,500,True,0.17669264917340044
4,3500,inf,False,10,500,True,18.772485468477566
4,3500,inf,False,10,500,True,0.7417385376122425
4,3500,inf,False,10,500,True,0.6489716000044865
4,3500,inf,False,10,500,True,1.716225494247908
4,3500,inf,False,10,500,True,7.139553001425714
4,3500,inf,False,10,500,True,3.2000312631014367
4,3500,inf,False,10,500,True,9.59602545834963
4,3500,inf,False,10,500,True,7.720237467542146
4,3500,inf,False,10,500,True,7.022073194398329
4,3500,inf,False,10,500,True,24.999679723123236
4,3500,inf,False,10,500,True,4.572175282612825
4,3500,inf,False,10,500,True,3.62937179835518
4,3500,inf,False,10,500,True,2.287478437718079
4,3500,inf,False,10,500,True,3.8872184854885496
4,3500,inf,False,10,500,True,7.669175440636657
4,3500,inf,False,10,500,True,6.0004927159338735
4,3500,inf,False,10,500,True,16.557410605515386
4,3500,inf,False,10,500,True,3.235147264573195
4,3500,inf,False,10,500,True,10.719849233297154
4,3500,inf,False,10,500,True,19.507899564664818
4,3500,inf,False,10,500,True,22.996025459763047
4,3500,inf,False,10,500,True,0.7817685682239031
4,3500,inf,False,10,500,True,0.2689760514075985
4,3500,inf,False,10,500,True,0.8326727333321315
4,3500,inf,False,10,500,True,0.9820082623191126
4,3500,inf,False,10,500,True,7.026831504269211
4,3500,inf,False,10,500,True,5.6341633684321835
4,3500,inf,False,10,500,True,0.7914480452469377
4,3500,inf,False,10,500,True,2.948375174377759
4,3500,inf,False,10,500,True,16.81728886466253
4,3500,inf,False,10,500,True,2.754675740087313
4,3500,inf,False,10,500,True,0.002033682165603068
4,3500,inf,False,10,500,True,5.8182061251447905
4,3500,inf,False,10,500,True,2.445013809803939
4,3500,inf,False,10,500,True,2.372821511193443
4,3500,inf,False,10,500,True,1.2280520786399407
4,3500,inf,False,10,500,True,1.3500345825477353
4,3500,inf,False,10,500,True,0.07170387581970061
4,3500,inf,False,10,500,True,13.421953153911808
4,3500,inf,False,10,500,True,0.8862130621616444
4,3500,inf,False,10,500,True,17.87714945812989
4,3500,inf,False,10,500,True,1.6446038559950722
4,3500,inf,False,10,500,True,0.8203483958449489
4,3500,inf,False,10,500,True,2.559792255771221
4,3500,inf,False,10,500,True,2.265651493736854
4,3500,inf,False,10,500,True,0.44661972885680257
4,3500,inf,False,10,500,True,0.6627213227883431
4,3500,inf,False,10,500,True,16.768766973218334
4,3500,inf,False,10,500,True,17.798836485804912
4,3500,inf,False,10,500,True,4.00257954150684
4,3500,inf,False,10,500,True,7.770292491127542
4,3500,inf,False,10,500,True,3.472058422304528
4,3500,inf,False,10,500,True,0.6924044304146482
4,3500,inf,False,10,500,True,5.347232828198891
4,3500,inf,False,10,500,True,20.642019913604287
4,3500,inf,False,10,500,True,1.2550728968120204
4,3500,inf,False,10,500,True,3.940906587913645
4,3500,inf,False,10,500,True,0.1308055999912483
4,3500,inf,False,10,500,True,7.274928407965341
4,3500,inf,False,10,500,True,9.089515803727927
4,3500,inf,False,10,500,True,2.847649482472306
4,3500,inf,False,10,500,True,12.444812293620394
4,3500,inf,False,10,500,True,6.2378181710038945
4,3500,inf,False,10,500,True,0.27759847513387825
4,3500,inf,False,10,500,True,1.5663443626148421
4,3500,inf,False,10,500,True,0.16071760185673867
4,3500,inf,False,10,500,True,57.420630587254436
4,3500,inf,False,10,500,True,4.312486376123912
4,3500,inf,False,10,500,True,19.486829582419283
4,3500,inf,False,10,500,True,7.816689671740647
4,3500,inf,False,10,500,True,5.013531604097718
4,3500,inf,False,10,500,True,9.449624013580227
4,3500,inf,False,10,500,True,2.166999239781404
4,3500,inf,False,10,500,True,4.818122322302955
4,3500,inf,False,10,500,True,1.2264863198194718
4,3500,inf,False,10,500,True,0.9804157640943174
4,3500,inf,False,10,500,True,0.052907716066442845
4,3500,inf,False,10,500,True,0.49829072688027765
4,3500,inf,False,10,500,True,8.139971672316365
4,3500,inf,False,10,500,True,15.817188195734587
4,3500,inf,False,10,500,True,4.717458484568638
4,3500,inf,False,10,500,True,4.140594759673398
4,3500,inf,False,10,500,True,0.16466219186438025
4,3500,inf,False,10,500,True,11.09527654601116
4,3500,inf,False,10,500,True,9.537659229910751
4,3500,inf,False,10,500,True,5.230899822680376
4,3500,inf,False,10,500,True,4.6823961368895395
4,3500,inf,False,10,500,True,25.01689199742247
4,3500,inf,False,10,500,True,128.75886837053363
4,3500,inf,False,10,500,True,1.9320138160554663
4,3500,inf,False,10,500,True,5.4380828279582545
4,3500,inf,False,10,500,True,1.2037708817654433
4,3500,inf,False,10,500,True,4.57938426554081
4,3500,inf,False,10,750,True,3.233795429139498
4,3500,inf,False,10,750,True,3.035548696906524
4,3500,inf,False,10,750,True,13.774116104264005
4,3500,inf,False,10,750,True,5.42071781791069
4,3500,inf,False,10,750,True,5.145762289501164
4,3500,inf,False,10,750,True,79.56226555418941
4,3500,inf,False,10,750,True,8.488487733701849
4,3500,inf,False,10,750,True,5.832048824754871
4,3500,inf,False,10,750,True,3.3966058918335094
4,3500,inf,False,10,750,True,0.9849332706178524
4,3500,inf,False,10,750,True,2.2377242135132107
4,3500,inf,False,10,750,True,17.957179928371385
4,3500,inf,False,10,750,True,151.90128599856249
4,3500,inf,False,10,750,True,27.39257358378642
4,3500,inf,False,10,750,True,1.415209216004321
4,3500,inf,False,10,750,True,13.172832950098048
4,3500,inf,False,10,750,True,24.176571904572903
4,3500,inf,False,10,750,True,66.21927634382901
4,3500,inf,False,10,750,True,18.802591356596963
4,3500,inf,False,10,750,True,5.662871225504034
4,3500,inf,False,10,750,True,1.3219593580567022
4,3500,inf,False,10,750,True,5.414542737767157
4,3500,inf,False,10,750,True,3.3296941387904044
4,3500,inf,False,10,750,True,1.6538993381468856
4,3500,inf,False,10,750,True,95.82688122389747
4,3500,inf,False,10,750,True,27.40827701225966
4,3500,inf,False,10,750,True,1.4960851853785186
4,3500,inf,False,10,750,True,1.9962889261042136
4,3500,inf,False,10,750,True,4.018706997567456
4,3500,inf,False,10,750,True,1.2978763047060013
4,3500,inf,False,10,750,True,4.1207871080563105
4,3500,inf,False,10,750,True,6.675765531800238
4,3500,inf,False,10,750,True,1.1362372616390104
4,3500,inf,False,10,750,True,31.403944711849054
4,3500,inf,False,10,750,True,34.73485279515302
4,3500,inf,False,10,750,True,27.5381759486385
4,3500,inf,False,10,750,True,12.406434433658099
4,3500,inf,False,10,750,True,7.798559790605218
4,3500,inf,False,10,750,True,0.16016265444998368
4,3500,inf,False,10,750,True,10.53230720928454
4,3500,inf,False,10,750,True,7.494524485602518
4,3500,inf,False,10,750,True,7.230358768729772
4,3500,inf,False,10,750,True,30.67893319071475
4,3500,inf,False,10,750,True,1.8296538530257749
4,3500,inf,False,10,750,True,3.363753910637989
4,3500,inf,False,10,750,True,1.4952342044810272
4,3500,inf,False,10,750,True,2.678867728881123
4,3500,inf,False,10,750,True,10.2259108976601
4,3500,inf,False,10,750,True,1.2278801804757578
4,3500,inf,False,10,750,True,13.699222401651838
4,3500,inf,False,10,750,True,1.188047663757125
4,3500,inf,False,10,750,True,3.2733646238253584
4,3500,inf,False,10,750,True,7.404405096733119
4,3500,inf,False,10,750,True,19.0702770079859
4,3500,inf,False,10,750,True,11.316137270083743
4,3500,inf,False,10,750,True,4.957859495835798
4,3500,inf,False,10,750,True,22.716951946567725
4,3500,inf,False,10,750,True,7.864852277643294
4,3500,inf,False,10,750,True,3.290717548895607
4,3500,inf,False,10,750,True,3.014187732000032
4,3500,inf,False,10,750,True,21.147204136708353
4,3500,inf,False,10,750,True,0.540589356358212
4,3500,inf,False,10,750,True,0.09075607948666331
4,3500,inf,False,10,750,True,5.101967785674063
4,3500,inf,False,10,750,True,27.966434767248465
4,3500,inf,False,10,750,True,8.32634760759507
4,3500,inf,False,10,750,True,13.039820349285606
4,3500,inf,False,10,750,True,12.576296262452592
4,3500,inf,False,10,750,True,18.283515224059144
4,3500,inf,False,10,750,True,34.09449699005606
4,3500,inf,False,10,750,True,15.144511769667496
4,3500,inf,False,10,750,True,18.190114546953154
4,3500,inf,False,10,750,True,4.504087300310587
4,3500,inf,False,10,750,True,3.0721253021884536
4,3500,inf,False,10,750,True,28.56741444096744
4,3500,inf,False,10,750,True,0.5589021025926755
4,3500,inf,False,10,750,True,4.952390400872936
4,3500,inf,False,10,750,True,6.677153743893854
4,3500,inf,False,10,750,True,1.0150713171927954
4,3500,inf,False,10,750,True,3.2030311211593876
4,3500,inf,False,10,750,True,1.1166101178542363
4,3500,inf,False,10,750,True,2.60839650353795
4,3500,inf,False,10,750,True,1.957769652095216
4,3500,inf,False,10,750,True,80.28756483035625
4,3500,inf,False,10,750,True,6.667663597799752
4,3500,inf,False,10,750,True,7.178164414120985
4,3500,inf,False,10,750,True,28.414637870534733
4,3500,inf,False,10,750,True,0.023455248869154843
4,3500,inf,False,10,750,True,4.894080376434985
4,3500,inf,False,10,750,True,23.134146315989632
4,3500,inf,False,10,750,True,5.292562779859082
4,3500,inf,False,10,750,True,1.0789795523176338
4,3500,inf,False,10,750,True,6.029418976946808
4,3500,inf,False,10,750,True,10.157510828449318
4,3500,inf,False,10,750,True,3.842337091351043
4,3500,inf,False,10,750,True,0.7801757000834542
4,3500,inf,False,10,750,True,2.7685841470621284
4,3500,inf,False,10,750,True,3.212970979490507
4,3500,inf,False,10,750,True,152.23097231523138
4,3500,inf,False,10,750,True,5.093383444501455
4,3500,inf,False,10,750,True,0.5168132418300644
4,3500,inf,False,10,750,True,44.95210634492576
4,3500,inf,False,10,750,True,3.599879650387315
4,3500,inf,False,10,750,True,2.3435372915540356
4,3500,inf,False,10,750,True,34.105502241692086
4,3500,inf,False,10,750,True,24.972292021367338
4,3500,inf,False,10,750,True,4.618220465119485
4,3500,inf,False,10,750,True,75.39341459873145
4,3500,inf,False,10,750,True,17.856198893512513
4,3500,inf,False,10,750,True,13.117033474441964
4,3500,inf,False,10,750,True,5.96453644471309
4,3500,inf,False,10,750,True,30.37299158353066
4,3500,inf,False,10,750,True,55.39336689086292
4,3500,inf,False,10,750,True,0.3732574072592437
4,3500,inf,False,10,750,True,2.179912521479256
4,3500,inf,False,10,750,True,10.693004591163566
4,3500,inf,False,10,750,True,0.41136536711921323
4,3500,inf,False,10,750,True,1.792905768939871
4,3500,inf,False,10,750,True,1.2871333655546007
4,3500,inf,False,10,750,True,13.58182602300037
4,3500,inf,False,10,750,True,1.3597118269266346
4,3500,inf,False,10,750,True,1.5472576579489967
4,3500,inf,False,10,750,True,70.29568578724665
4,3500,inf,False,10,750,True,8.212023409898233
4,3500,inf,False,10,750,True,19.275995461452183
4,3500,inf,False,10,750,True,1.9573013487394988
4,3500,inf,False,10,750,True,38.55808319732701
4,3500,inf,False,10,750,True,1.944215821671861
4,3500,inf,False,10,750,True,140.73248976915002
4,3500,inf,False,10,750,True,0.573016205800478
4,3500,inf,False,10,750,True,66.35677785475303
4,3500,inf,False,10,750,True,5.207392438420747
4,3500,inf,False,10,750,True,2.6202230148619137
4,3500,inf,False,10,750,True,5.695142955753742
4,3500,inf,False,10,750,True,3.5589937122740025
4,3500,inf,False,10,750,True,8.876742124965844
4,3500,inf,False,10,750,True,13.166237268030855
4,3500,inf,False,10,750,True,3.109501138352698
4,3500,inf,False,10,750,True,1.6296389232537631
4,3500,inf,False,10,750,True,25.350776038645137
4,3500,inf,False,10,750,True,2.722631372984452
4,3500,inf,False,10,750,True,6.482458051656842
4,3500,inf,False,10,750,True,25.053872001137634
4,3500,inf,False,10,750,True,4.052665583629867
4,3500,inf,False,10,750,True,21.53090794049277
4,3500,inf,False,10,750,True,1.2749300839926292
4,3500,inf,False,10,750,True,11.14995963700752
4,3500,inf,False,10,750,True,3.983213699866468
4,3500,inf,False,10,750,True,12.733782697585394
4,3500,inf,False,10,750,True,1.220905950019528
4,3500,inf,False,10,1000,True,8.209288455548048
4,3500,inf,False,10,1000,True,3.169032804900846
4,3500,inf,False,10,1000,True,3.235097674469415
4,3500,inf,False,10,1000,True,9.761885271367946
4,3500,inf,False,10,1000,True,38.81852557570581
4,3500,inf,False,10,1000,True,5.733698839523498
4,3500,inf,False,10,1000,True,10.93600474537702
4,3500,inf,False,10,1000,True,7.848160322100773
4,3500,inf,False,10,1000,True,3.756733446487342
4,3500,inf,False,10,1000,True,11.981834866475197
4,3500,inf,False,10,1000,True,24.075753937457733
4,3500,inf,False,10,1000,True,1.5110140584382243
4,3500,inf,False,10,1000,True,2.178062053802776
4,3500,inf,False,10,1000,True,34.01712545312964
4,3500,inf,False,10,1000,True,2.665906013980738
4,3500,inf,False,10,1000,True,6.0861966542422365
4,3500,inf,False,10,1000,True,76.6420107635246
4,3500,inf,False,10,1000,True,0.4411102975566479
4,3500,inf,False,10,1000,True,15.966918854879061
4,3500,inf,False,10,1000,True,4.955635393009221
4,3500,inf,False,10,1000,True,4.718297926972689
4,3500,inf,False,10,1000,True,3.152328145257222
4,3500,inf,False,10,1000,True,5.897872680993061
4,3500,inf,False,10,1000,True,5.470187593526347
4,3500,inf,False,10,1000,True,8.900340199782619
4,3500,inf,False,10,1000,True,9.557781332885005
4,3500,inf,False,10,1000,True,11.232415655425847
4,3500,inf,False,10,1000,True,5.38334695970515
4,3500,inf,False,10,1000,True,93.30835147159223
4,3500,inf,False,10,1000,True,7.24149480471587
4,3500,inf,False,10,1000,True,25.353069540039368
4,3500,inf,False,10,1000,True,9.75588962095771
4,3500,inf,False,10,1000,True,16.530021968179554
4,3500,inf,False,10,1000,True,67.4025936623831
4,3500,inf,False,10,1000,True,4.840397730870251
4,3500,inf,False,10,1000,True,3.342643948964106
4,3500,inf,False,10,1000,True,94.73709663936567
4,3500,inf,False,10,1000,True,0.24032360652751095
4,3500,inf,False,10,1000,True,22.688494540088094
4,3500,inf,False,10,1000,True,18.71771448495332
4,3500,inf,False,10,1000,True,62.739869352494864
4,3500,inf,False,10,1000,True,51.184431794908015
4,3500,inf,False,10,1000,True,6.061629741920292
4,3500,inf,False,10,1000,True,12.499026002621761
4,3500,inf,False,10,1000,True,19.04560343776646
4,3500,inf,False,10,1000,True,27.307025387759644
4,3500,inf,False,10,1000,True,5.580305171193341
4,3500,inf,False,10,1000,True,30.08800667574871
4,3500,inf,False,10,1000,True,109.46640793905243
4,3500,inf,False,10,1000,True,3.790201512023664
4,3500,inf,False,10,1000,True,0.0035812463174593745
4,3500,inf,False,10,1000,True,0.535767489346723
4,3500,inf,False,10,1000,True,4.339035761042666
4,3500,inf,False,10,1000,True,11.34327197664076
4,3500,inf,False,10,1000,True,3.831035484551336
4,3500,inf,False,10,1000,True,17.77055261626618
4,3500,inf,False,10,1000,True,27.693766626237533
4,3500,inf,False,10,1000,True,8.530766921553635
4,3500,inf,False,10,1000,True,29.46113795984919
4,3500,inf,False,10,1000,True,2.588936357387537
4,3500,inf,False,10,1000,True,12.181944665072095
4,3500,inf,False,10,1000,True,41.226483099981124
4,3500,inf,False,10,1000,True,14.378709104308669
4,3500,inf,False,10,1000,True,55.511893476923944
4,3500,inf,False,10,1000,True,61.68023860557061
4,3500,inf,False,10,1000,True,5.341827494746909
4,3500,inf,False,10,1000,True,0.18341715129864866
4,3500,inf,False,10,1000,True,10.844737825557658
4,3500,inf,False,10,1000,True,0.24813233591075345
4,3500,inf,False,10,1000,True,15.4607767862487
4,3500,inf,False,10,1000,True,11.328867993185423
4,3500,inf,False,10,1000,True,3.07205400027226
4,3500,inf,False,10,1000,True,2.4315586724050107
4,3500,inf,False,10,1000,True,11.601501426341684
4,3500,inf,False,10,1000,True,4.003222808949431
4,3500,inf,False,10,1000,True,11.599389492051685
4,3500,inf,False,10,1000,True,51.52401890962951
4,3500,inf,False,10,1000,True,30.522368789836925
4,3500,inf,False,10,1000,True,45.04338706704364
4,3500,inf,False,10,1000,True,16.63625314837752
4,3500,inf,False,10,1000,True,17.86629730260078
4,3500,inf,False,10,1000,True,2.5704867595420637
4,3500,inf,False,10,1000,True,6.159612919445372
4,3500,inf,False,10,1000,True,5.739328294916419
4,3500,inf,False,10,1000,True,2.1657396635251516
4,3500,inf,False,10,1000,True,12.791698998458887
4,3500,inf,False,10,1000,True,57.35749251506391
4,3500,inf,False,10,1000,True,9.491812423011694
4,3500,inf,False,10,1000,True,2.761813945919698
4,3500,inf,False,10,1000,True,2.1925408963670563
4,3500,inf,False,10,1000,True,4.124517427471595
4,3500,inf,False,10,1000,True,5.305920823822805
4,3500,inf,False,10,1000,True,7.376839314262128
4,3500,inf,False,10,1000,True,14.012317495571196
4,3500,inf,False,10,1000,True,9.027326146864674
4,3500,inf,False,10,1000,True,2.1532333023608388
4,3500,inf,False,10,1000,True,4.4842494867851315
4,3500,inf,False,10,1000,True,10.59390125324818
4,3500,inf,False,10,1000,True,11.978155740765061
4,3500,inf,False,10,1000,True,12.731482963293956
4,3500,inf,False,10,1000,True,0.13516981266125327
4,3500,inf,False,10,1000,True,14.928541728933725
4,3500,inf,False,10,1000,True,34.97527739527999
4,3500,inf,False,10,1000,True,137.28028191529765
4,3500,inf,False,10,1000,True,1.1566514955636453
4,3500,inf,False,10,1000,True,0.8322108164740456
4,3500,inf,False,10,1000,True,9.887533491171535
4,3500,inf,False,10,1000,True,1.1613290466472606
4,3500,inf,False,10,1000,True,12.53974406673315
4,3500,inf,False,10,1000,True,0.8387711435325187
4,3500,inf,False,10,1000,True,20.47721403466165
4,3500,inf,False,10,1000,True,6.683918018165954
4,3500,inf,False,10,1000,True,11.6456821026512
4,3500,inf,False,10,1000,True,1.5504973956424812
4,3500,inf,False,10,1000,True,0.17678846540484017
4,3500,inf,False,10,1000,True,64.8675386365429
4,3500,inf,False,10,1000,True,1.1787543664694944
4,3500,inf,False,10,1000,True,0.060503548368835425
4,3500,inf,False,10,1000,True,42.31804910330994
4,3500,inf,False,10,1000,True,4.1202719545047195
4,3500,inf,False,10,1000,True,22.459742726844034
4,3500,inf,False,10,1000,True,23.700762752970554
4,3500,inf,False,10,1000,True,11.615353995039882
4,3500,inf,False,10,1000,True,37.04980050347492
4,3500,inf,False,10,1000,True,15.271772225730949
4,3500,inf,False,10,1000,True,11.37263120963771
4,3500,inf,False,10,1000,True,5.7580014697202415
4,3500,inf,False,10,1000,True,72.8051724800271
4,3500,inf,False,10,1000,True,2.371375869637127
4,3500,inf,False,10,1000,True,58.13589323370843
4,3500,inf,False,10,1000,True,8.417246439000326
4,3500,inf,False,10,1000,True,1.2763941822636484
4,3500,inf,False,10,1000,True,21.10921545715768
4,3500,inf,False,10,1000,True,0.44599321319819296
4,3500,inf,False,10,1000,True,53.92782336714458
4,3500,inf,False,10,1000,True,101.83343790960951
4,3500,inf,False,10,1000,True,2.9084876483802873
4,3500,inf,False,10,1000,True,6.204811679195323
4,3500,inf,False,10,1000,True,29.146153377093796
4,3500,inf,False,10,1000,True,0.8433239757329574
4,3500,inf,False,10,1000,True,42.29982248621923
4,3500,inf,False,10,1000,True,71.71974779138884
4,3500,inf,False,10,1000,True,44.47652069333082
4,3500,inf,False,10,1000,True,20.516551203991526
4,3500,inf,False,10,1000,True,42.122426391574706
4,3500,inf,False,10,1000,True,70.48997048244685
4,3500,inf,False,10,1000,True,8.641635440203054
4,3500,inf,False,10,1000,True,6.9123172392143495
4,3500,inf,False,10,1000,True,7.087575587448704
4,3500,inf,False,10,1000,True,3.077403445825297
