method_thresh,num_sources,std,over_predict_sources,FN,FP,percent_possible_detections,loc_error_0,loc_error_1,loc_error_2,loc_error_3,best_loc_error_0,best_loc_error_1,best_loc_error_2,best_loc_error_3
inf,1,0,False,False,False,1.0,1.3648222058698806e-11,,,,1.3648222058698806e-11,,,
inf,1,0,False,False,False,1.0,8.810729923425242e-13,,,,8.810729923425242e-13,,,
inf,1,0,False,False,False,1.0,2.187548648736749e-12,,,,2.187548648736749e-12,,,
inf,1,0,False,False,False,1.0,3.410605131648481e-13,,,,3.410605131648481e-13,,,
inf,1,0,False,False,False,1.0,5.115907697472721e-13,,,,5.115907697472721e-13,,,
inf,1,0,False,False,False,1.0,2.2737367544323206e-13,,,,2.2737367544323206e-13,,,
inf,1,0,False,False,False,1.0,4.547473508864641e-13,,,,4.547473508864641e-13,,,
inf,1,0,False,False,False,1.0,7.958078640513122e-13,,,,7.958078640513122e-13,,,
inf,1,0,False,False,False,1.0,2.2737367544323206e-13,,,,2.2737367544323206e-13,,,
inf,1,0,False,False,False,1.0,1.1368683772161603e-13,,,,1.1368683772161603e-13,,,
inf,1,0,False,False,False,1.0,2.2737367544323206e-13,,,,2.2737367544323206e-13,,,
inf,1,0,False,False,False,1.0,0.0,,,,0.0,,,
inf,1,0,False,False,False,1.0,3.410605131648481e-13,,,,3.410605131648481e-13,,,
inf,1,0,False,False,False,1.0,1.1368683772161603e-13,,,,1.1368683772161603e-13,,,
inf,1,0,False,False,False,1.0,3.410605131648481e-13,,,,3.410605131648481e-13,,,
inf,1,0,False,False,False,1.0,0.0,,,,0.0,,,
inf,1,0,False,False,False,1.0,2.2737367544323206e-13,,,,2.2737367544323206e-13,,,
inf,1,0,False,False,False,1.0,2.2737367544323206e-13,,,,2.2737367544323206e-13,,,
inf,1,0,False,False,False,1.0,2.2737367544323206e-13,,,,2.2737367544323206e-13,,,
inf,1,0,False,False,False,1.0,0.0,,,,0.0,,,
inf,1,0,False,False,False,1.0,2.2737367544323206e-13,,,,2.2737367544323206e-13,,,
inf,1,0,False,False,False,1.0,2.2737367544323206e-13,,,,2.2737367544323206e-13,,,
inf,1,0,False,False,False,1.0,2.2737367544323206e-13,,,,2.2737367544323206e-13,,,
inf,1,0,False,False,False,1.0,2.2737367544323206e-13,,,,2.2737367544323206e-13,,,
inf,1,0,False,False,False,1.0,2.2737367544323206e-13,,,,2.2737367544323206e-13,,,
inf,1,0,False,False,False,1.0,2.2737367544323206e-13,,,,2.2737367544323206e-13,,,
inf,1,0,False,False,False,1.0,4.547473508864641e-13,,,,4.547473508864641e-13,,,
inf,1,0,False,False,False,1.0,2.2737367544323206e-13,,,,2.2737367544323206e-13,,,
inf,1,0,False,False,False,1.0,0.0,,,,0.0,,,
inf,1,0,False,False,False,1.0,2.2737367544323206e-13,,,,2.2737367544323206e-13,,,
inf,1,0,False,False,False,1.0,0.0,,,,0.0,,,
inf,1,0,False,False,False,1.0,2.2737367544323206e-13,,,,2.2737367544323206e-13,,,
inf,1,0,False,False,False,1.0,4.547473508864641e-13,,,,4.547473508864641e-13,,,
inf,1,0,False,False,False,1.0,0.0,,,,0.0,,,
inf,1,0,False,False,False,1.0,4.547473508864641e-13,,,,4.547473508864641e-13,,,
inf,1,0,False,False,False,1.0,6.431098710768743e-13,,,,6.431098710768743e-13,,,
inf,1,0,False,False,False,1.0,4.547473508864641e-13,,,,4.547473508864641e-13,,,
inf,1,0,False,False,False,1.0,0.0,,,,0.0,,,
inf,1,0,False,False,False,1.0,4.547473508864641e-13,,,,4.547473508864641e-13,,,
inf,2,0,False,False,False,1.0,0.0,2.2737367544323206e-13,,,0.0,2.2737367544323206e-13,,
inf,2,0,False,False,False,1.0,4.547473508864641e-13,1.1368683772161603e-13,,,4.547473508864641e-13,5.684341886080801e-13,,
inf,2,0,False,False,False,1.0,4.547473508864641e-13,3.979039320256561e-13,,,4.547473508864641e-13,6.821210263296962e-13,,
inf,2,0,False,False,False,1.0,0.0,1.1368683772161603e-13,,,0.0,0.0,,
inf,2,0,False,False,False,1.0,4.547473508864641e-13,3.979039320256561e-13,,,0.0,0.0,,
inf,2,0,False,False,False,1.0,0.0,5.684341886080802e-14,,,0.0,3.410605131648481e-13,,
inf,2,0,False,False,False,1.0,0.0,1.1368683772161603e-13,,,0.0,1.7053025658242404e-13,,
inf,2,0,False,False,False,1.0,4.547473508864641e-13,5.684341886080802e-14,,,4.547473508864641e-13,2.8421709430404007e-13,,
inf,2,0,False,False,False,1.0,4.547473508864641e-13,6.821210263296962e-13,,,4.547473508864641e-13,5.115907697472721e-13,,
inf,2,0,False,False,False,1.0,0.0,2.2737367544323206e-13,,,4.547473508864641e-13,1.1368683772161603e-13,,
inf,2,0,False,False,False,1.0,0.0,5.684341886080801e-13,,,0.0,1.4210854715202004e-14,,
inf,2,0,False,False,False,1.0,0.0,0.0,,,4.547473508864641e-13,3.126388037344441e-13,,
inf,2,0,False,False,False,1.0,0.0,1.3038459201197838e-12,,,0.0,1.2470025012589758e-12,,
inf,2,0,False,False,False,1.0,4.547473508864641e-13,3.126388037344441e-13,,,4.547473508864641e-13,4.476419235288631e-13,,
inf,2,0,False,False,False,1.0,4.547473508864641e-13,1.1368683772161603e-13,,,4.547473508864641e-13,1.7053025658242404e-13,,
inf,2,0,False,False,False,1.0,4.547473508864641e-13,2.5579538487363607e-13,,,4.547473508864641e-13,5.684341886080801e-13,,
inf,2,0,False,False,False,1.0,0.0,1.7053025658242404e-13,,,6.431098710768743e-13,4.263256414560601e-13,,
inf,2,0,False,False,False,1.0,0.0,0.0,,,4.547473508864641e-13,2.5579538487363607e-13,,
inf,2,0,False,False,False,1.0,4.547473508864641e-13,3.979039320256561e-13,,,0.0,3.979039320256561e-13,,
inf,2,0,False,False,False,1.0,4.547473508864641e-13,3.410605131648481e-13,,,9.094947017729282e-13,3.410605131648481e-13,,
inf,3,0,False,False,False,1.0,0.0,2.2737367544323206e-13,0.0,,4.547473508864641e-13,1.7053025658242404e-13,5.084229945850415e-13,
inf,3,0,False,False,False,1.0,0.0,4.687428401686771e-13,4.547473508864641e-13,,0.0,1.7053025658242404e-13,0.0,
inf,3,0,False,False,False,1.0,4.547473508864641e-13,7.677181852012731e-10,2.2737367544323206e-13,,4.547473508864641e-13,7.714989863842909e-10,2.2737367544323206e-13,
inf,3,0,False,False,False,1.0,0.0,4.4210243003057924e-10,2.2737367544323206e-13,,0.0,4.267471354742059e-10,0.0,
inf,3,0,False,False,False,1.0,0.0,1.5780654501973416e-10,0.0,,0.0,2.41714900471802e-10,0.0,
inf,3,0,False,False,False,1.0,4.547473508864641e-13,1.6729917249922117e-10,2.2737367544323206e-13,,0.0,1.448827129551355e-10,2.2737367544323206e-13,
inf,3,0,False,False,False,1.0,4.547473508864641e-13,6.799043207137747e-11,2.2737367544323206e-13,,4.547473508864641e-13,4.7007685898754e-11,4.547473508864641e-13,
inf,3,0,False,False,False,1.0,0.0,3.839199628425171e-11,4.547473508864641e-13,,4.547473508864641e-13,3.9956354701294114e-11,4.547473508864641e-13,
inf,3,0,False,False,False,1.0,4.547473508864641e-13,3.3310243452433497e-11,1.9426815345735873e-12,,4.547473508864641e-13,2.0660061006067563e-11,2.2850771577215914e-12,
inf,3,0,False,False,False,1.0,4.547473508864641e-13,5.7980287238024175e-12,7.599180647534196e-12,,1.3642420526593924e-12,1.8690337408372286e-11,1.0099589560246755e-11,
inf,3,0,False,False,False,1.0,5.475883235154604e-12,1.368970808788651e-12,4.8370242532017956e-11,,3.551690349880416e-12,5.225886040789739e-12,5.358498578263036e-11,
inf,3,0,False,False,False,1.0,1.7897644878898453e-11,8.236609431460218e-12,1.785675363772689e-10,,1.5116502380437543e-11,5.708166195578629e-12,1.531087801523897e-10,
inf,3,0,False,False,False,1.0,3.6575372119110204e-11,2.654045949823001e-12,5.697608664929016e-10,,2.8413522799043327e-11,2.2850771577215914e-12,5.444723664297229e-10,
inf,3,0,False,False,False,1.0,7.606796421596655e-11,1.4380373887290168e-12,1.4959858098288128e-09,,7.021393345210084e-11,2.737941617577302e-12,1.4790683977585598e-09,
inf,3,0,False,False,False,1.0,1.3121017524973499e-10,1.1368683772161603e-12,0.0,,1.2264359852297328e-10,1.1368683772161603e-12,4.547473508864641e-13,
inf,3,0,False,False,False,1.0,1.7238763726477954e-10,1.1368683772161603e-12,0.0,,1.685665685032539e-10,4.547473508864641e-13,0.0,
inf,3,0,False,False,False,1.0,2.1865168159364185e-10,9.374856803373542e-13,4.547473508864641e-13,,2.1178731953468775e-10,5.084229945850415e-13,6.431098710768743e-13,
inf,3,0,False,False,False,1.0,2.4029643491951727e-10,5.084229945850415e-13,4.547473508864641e-13,,2.54094329632917e-10,5.084229945850415e-13,6.431098710768743e-13,
inf,3,0,False,False,False,1.0,2.2861493087439333e-10,4.547473508864641e-13,0.0,,2.284828274378345e-10,2.2737367544323206e-13,4.547473508864641e-13,
inf,3,0,False,False,False,1.0,2.1369061405540801e-10,8.198074455012805e-13,5.084229945850415e-13,,2.2390616195354481e-10,0.0,5.084229945850415e-13,
inf,3,0,False,False,False,1.0,1.8554137741547545e-10,2.2737367544323206e-13,0.0,,1.9103516206189716e-10,0.0,2.2737367544323206e-13,
inf,3,0,False,False,False,1.0,1.4188408849375265e-10,6.821210263296962e-13,0.0,,1.4805501083264704e-10,2.2737367544323206e-13,2.2737367544323206e-13,
inf,3,0,False,False,False,1.0,1.397549295101621e-10,4.547473508864641e-13,4.547473508864641e-13,,1.2646310433582347e-10,0.0,0.0,
inf,3,0,False,False,False,1.0,9.01963027138436e-11,6.431098710768743e-13,0.0,,9.053498985793413e-11,2.2737367544323206e-13,0.0,
inf,3,0,False,False,False,1.0,5.441076282423883e-11,8.198074455012805e-13,2.2737367544323206e-13,,7.062249784719289e-11,5.084229945850415e-13,5.084229945850415e-13,
inf,4,0,False,False,False,1.0,7.298128296362862e-11,1.016845989170083e-12,4.547473508864641e-13,1.1528463374453268e-11,3.367050234689422e-11,1.016845989170083e-12,4.547473508864641e-13,5.8584570439688e-11
inf,4,0,False,False,False,1.0,3.4387590558700645e-11,1.3830600733622803e-12,6.431098710768743e-13,2.432677600742134e-10,4.0203369472329255e-11,1.1368683772161603e-12,6.431098710768743e-13,2.2218350373636284e-10
inf,4,0,False,False,False,1.0,3.4639243312988974e-11,2.033691978340166e-12,2.2737367544323206e-13,3.414819176044891e-10,2.5175923902982338e-11,1.3830600733622803e-12,1.3642420526593924e-12,2.2353466960919784e-10
inf,4,0,False,False,False,1.0,2.7132835184922985e-11,5.4569682106375694e-12,4.547473508864641e-13,4.759037488426539e-10,3.5535093975540314e-11,6.836351703156155e-12,2.5421149729252077e-12,4.4592038732472484e-10
inf,4,0,False,False,False,1.0,1.7053025658242404e-11,9.55240081457305e-12,1.016845989170083e-12,7.521826149166352e-10,2.019405957178107e-11,7.1901869436450835e-12,2.2737367544323206e-13,3.212226893369567e-10
inf,4,0,False,False,False,1.0,5.64784493161561e-12,2.1865735616613724e-11,1.6553053431563326e-12,6.386984823121859e-13,7.823769253302659e-12,2.1680530046178713e-11,1.6553053431563326e-12,3.06111178766429e-13
inf,4,0,False,False,False,1.0,2.8760747774580336e-12,4.374388243830874e-11,3.2554955994956693e-12,3.595093471822542e-13,2.9118037843694986e-12,4.374388243830874e-11,1.224444715065716e-12,2.2737367544323206e-13
inf,4,0,False,False,False,1.0,1.8189894035458565e-12,1.0426837144947582e-10,2.033691978340166e-12,2.2737367544323206e-13,4.367705676554248e-12,1.1530154727909014e-10,5.308091899646002e-12,3.8131724593878115e-13
inf,4,0,False,False,False,1.0,1.1368683772161603e-12,3.098832938466067e-10,3.279229782005122e-12,5.684341886080801e-13,1.1368683772161603e-12,3.098832938466067e-10,5.229594535194337e-12,3.595093471822542e-13
inf,4,0,False,False,False,1.0,3.0607739911737824e-11,8.644777042151026e-10,2.2737367544323206e-12,1.6077746776921858e-13,2.706033328070014e-11,8.109901069193257e-10,6.067086389578587e-12,2.2737367544323206e-13
inf,4,0,False,False,False,1.0,7.659759842735687e-11,4.547473508864641e-13,8.914092079027186e-12,1.6077746776921858e-13,8.388116587866634e-11,4.547473508864641e-13,2.0297478755739403e-11,3.595093471822542e-13
inf,4,0,False,False,False,1.0,2.292667523289638e-10,4.547473508864641e-13,8.971901323524826e-12,4.687428401686771e-13,2.56369541151858e-10,0.0,1.2486934990871288e-11,5.796914039811764e-13
inf,4,0,False,False,False,1.0,5.533522746121691e-10,0.0,5.536910822177525e-12,5.084229945850415e-13,5.925846562284494e-10,0.0,1.0469070214841247e-11,6.12222357532858e-13
inf,4,0,False,False,False,1.0,1.402053268139853e-09,0.0,1.073242285311239e-11,3.595093471822542e-13,1.3465742678686439e-09,0.0,1.5785694775067698e-11,2.5421149729252077e-13
inf,4,0,False,False,False,1.0,0.0,0.0,1.1656089207441525e-11,5.796914039811764e-13,0.0,0.0,1.0130256400746231e-11,2.5421149729252077e-13
inf,4,0,False,False,False,1.0,0.0,0.0,1.0547786136833748e-11,1.1368683772161603e-13,0.0,0.0,1.7429345368088252e-11,3.2155493553843715e-13
inf,4,0,False,False,False,1.0,9.374856803373542e-13,0.0,7.346668290394296e-12,1.1368683772161603e-13,9.374856803373542e-13,4.547473508864641e-13,6.915300366811402e-12,1.1368683772161603e-13
inf,4,0,False,False,False,1.0,9.374856803373542e-13,5.084229945850415e-13,3.279229782005122e-12,4.687428401686771e-13,2.2737367544323206e-13,4.547473508864641e-13,3.310610686312665e-12,5.084229945850415e-13
inf,4,0,False,False,False,1.0,0.0,6.431098710768743e-13,4.497403020461131e-11,1.1368683772161603e-13,9.165725883006586e-13,9.374856803373542e-13,4.598348008620788e-11,2.2737367544323206e-13
inf,4,0,False,False,False,1.0,0.0,5.084229945850415e-13,1.637875030168527e-10,1.1368683772161603e-13,1.1368683772161603e-13,0.0,1.7529021030578947e-10,3.410605131648481e-13
inf,4,0,False,False,False,1.0,2.2737367544323206e-13,5.084229945850415e-13,6.602987908269351e-10,5.684341886080801e-13,9.094947017729282e-13,5.084229945850415e-13,5.88899926331735e-10,2.5421149729252077e-13
inf,4,0,False,False,False,1.0,3.410605131648481e-13,4.547473508864641e-13,0.0,1.1368683772161603e-13,1.1368683772161603e-13,5.084229945850415e-13,0.0,9.713407672867936e-13
inf,4,0,False,False,False,1.0,2.2737367544323206e-13,2.2737367544323206e-13,0.0,5.684341886080801e-13,2.2737367544323206e-13,2.2737367544323206e-13,2.2737367544323206e-13,5.084229945850415e-13
inf,4,0,False,False,False,1.0,9.165725883006586e-13,4.547473508864641e-13,9.374856803373542e-13,6.915300366811402e-13,5.684341886080801e-13,2.2737367544323206e-13,9.094947017729282e-13,3.410605131648481e-13
inf,4,0,False,False,False,1.0,1.1368683772161603e-13,0.0,2.2737367544323206e-13,3.410605131648481e-13,1.1368683772161603e-13,0.0,2.2737367544323206e-13,8.87922587470104e-13
inf,4,0,False,False,False,1.0,0.0,2.2737367544323206e-13,2.2737367544323206e-13,3.2155493553843715e-13,0.0,2.2737367544323206e-13,9.374856803373542e-13,9.165725883006586e-13
inf,4,0,False,False,False,1.0,2.2737367544323206e-13,5.084229945850415e-13,4.547473508864641e-13,1.3642420526593924e-12,3.410605131648481e-13,0.0,2.2737367544323206e-13,7.190186943645084e-13
inf,4,0,False,False,False,1.0,9.165725883006586e-13,4.547473508864641e-13,0.0,9.713407672867936e-13,4.547473508864641e-13,2.2737367544323206e-13,0.0,4.0990372275064023e-13
inf,4,0,False,False,False,1.0,0.0,2.2737367544323206e-13,0.0,2.990633774508275e-12,2.2737367544323206e-13,0.0,0.0,2.195657534210564e-12
inf,4,0,False,False,False,1.0,9.713407672867936e-13,2.2737367544323206e-13,0.0,2.3982264690094994e-12,2.2737367544323206e-13,4.547473508864641e-13,0.0,1.1368683772161603e-12
inf,4,0,False,False,False,1.0,1.7053025658242404e-13,2.2737367544323206e-13,0.0,1.1368683772161603e-12,3.979039320256561e-13,5.084229945850415e-13,0.0,4.279520504660175e-12
inf,4,0,False,False,False,1.0,9.374856803373542e-13,5.084229945850415e-13,0.0,5.0651282003731154e-12,1.1368683772161603e-12,0.0,2.2737367544323206e-13,4.43961293735052e-12
inf,4,0,False,False,False,1.0,9.927276321703277e-13,5.084229945850415e-13,2.2737367544323206e-13,3.811477339295427e-12,2.033691978340166e-12,5.084229945850415e-13,0.0,9.347934365301496e-12
inf,4,0,False,False,False,1.0,3.410605131648481e-13,5.084229945850415e-13,0.0,3.749942721349417e-12,6.277531471040912e-12,2.2737367544323206e-13,2.2737367544323206e-13,7.528266510754886e-12
inf,4,0,False,False,False,1.0,8.483963577785123e-12,0.0,6.391386658029897e-10,1.3181791510429088e-11,1.2505552149377763e-12,2.2737367544323206e-13,6.749679756708835e-10,8.198074455012805e-12
inf,4,0,False,False,False,1.0,1.5524914884047068e-11,2.2737367544323206e-13,2.2737367544323206e-13,4.386897985926848e-12,1.3160970161521673e-11,2.2737367544323206e-13,4.547473508864641e-13,1.667751423237155e-11
inf,4,0,False,False,False,1.0,2.008238649682566e-11,2.2737367544323206e-13,2.2737367544323206e-13,4.128444806662084e-11,2.7473209993629473e-11,2.2737367544323206e-13,0.0,2.8947088981730392e-11
inf,4,0,False,False,False,1.0,6.31651439213844e-11,2.2737367544323206e-13,2.2737367544323206e-13,3.34109736664076e-11,1.2881401017497152e-11,2.2737367544323206e-13,1.1368683772161603e-13,3.80855996788815e-11
inf,4,0,False,False,False,1.0,1.7148262585783818e-11,2.2737367544323206e-13,1.1368683772161603e-13,5.034414658776888e-11,6.79077034241052e-11,2.2737367544323206e-13,1.1368683772161603e-13,5.878609957193704e-11
inf,4,0,False,False,False,1.0,4.1862835980479e-11,4.687428401686771e-13,1.1368683772161603e-13,8.204386119233622e-11,2.5348854836801614e-11,4.547473508864641e-13,1.1368683772161603e-13,7.183937753065502e-11
inf,4,0,False,False,False,1.0,2.649620690777553e-10,2.2737367544323206e-13,1.1368683772161603e-13,1.1150586792827406e-10,5.972444350784316e-10,5.684341886080801e-13,1.1368683772161603e-13,1.040241398765395e-10
inf,3,0,False,False,False,1.0,4.263256414560601e-13,1.1368683772161603e-13,3.410605131648481e-13,,1.036330485794077e-09,5.084229945850415e-13,0.0,
inf,3,0,False,False,False,1.0,3.979039320256561e-13,1.1368683772161603e-13,5.684341886080801e-13,,2.4158453015843406e-13,6.431098710768743e-13,9.374856803373542e-13,
inf,3,0,False,False,False,1.0,4.547473508864641e-13,2.2737367544323206e-13,1.1368683772161603e-13,,1.9895196601282805e-13,5.084229945850415e-13,2.2737367544323206e-13,
inf,3,0,False,False,False,1.0,3.126388037344441e-13,4.547473508864641e-13,3.410605131648481e-13,,1.9895196601282805e-13,4.687428401686771e-13,0.0,
inf,3,0,False,False,False,1.0,1.9895196601282805e-13,4.547473508864641e-13,2.2737367544323206e-13,,1.1368683772161603e-13,7.279509460923746e-13,3.410605131648481e-13,
inf,3,0,False,False,False,1.0,0.0,3.410605131648481e-13,1.1368683772161603e-13,,8.526512829121202e-14,1.5463081705019526e-12,2.2737367544323206e-13,
inf,3,0,False,False,False,1.0,5.684341886080802e-14,1.7053025658242404e-12,4.547473508864641e-13,,9.112693272687351e-13,1.016845989170083e-12,4.547473508864641e-13,
inf,3,0,False,False,False,1.0,2.8421709430404007e-13,1.639614891002561e-12,9.374856803373542e-13,,2.2737367544323206e-13,2.3656698484370296e-12,5.684341886080801e-13,
inf,3,0,False,False,False,1.0,8.526512829121202e-13,1.9854552643406554e-12,1.016845989170083e-12,,5.684341886080801e-13,1.5463081705019526e-12,3.410605131648481e-13,
inf,3,0,False,False,False,1.0,2.8421709430404007e-13,3.2175584460867198e-12,0.0,,0.0,1.9830126282741286e-12,5.684341886080801e-13,
inf,3,0,False,False,False,1.0,1.1368683772161603e-13,2.4548197509021956e-12,1.1368683772161603e-13,,5.684341886080802e-14,2.3962046393942263e-12,1.1368683772161603e-13,
inf,3,0,False,False,False,1.0,3.410605131648481e-13,4.61658157843134e-12,2.2737367544323206e-13,,1.1368683772161603e-13,8.905569740493266e-12,2.2737367544323206e-13,
inf,3,0,False,False,False,1.0,3.410605131648481e-13,2.4726887204451486e-12,1.1368683772161603e-13,,9.094947017729282e-13,2.448889430131432e-12,2.2737367544323206e-13,
inf,3,0,False,False,False,1.0,9.165725883006586e-13,1.1335809166334453e-11,1.3642420526593924e-12,,9.165725883006586e-13,1.6262210701953155e-11,0.0,
inf,3,0,False,False,False,1.0,3.410605131648481e-13,1.4637042386544556e-11,1.5463081705019526e-12,,2.2737367544323206e-13,4.43460645235945e-12,4.01782859786915e-12,
inf,2,0,False,False,False,1.0,9.713407672867936e-13,6.370030486837491e-12,,,2.2737367544323206e-13,1.6599470613643773e-11,,
inf,2,0,False,False,False,1.0,9.374856803373542e-13,3.276511642276509e-11,,,9.713407672867936e-13,3.558772639164813e-11,,
inf,2,0,False,False,False,1.0,0.0,7.477755673742e-10,,,3.410605131648481e-13,2.0757615881157774e-09,,
inf,2,0,False,False,False,1.0,3.410605131648481e-13,2.2028595364058948e-11,,,0.0,2.2577762369887022e-11,,
inf,2,0,False,False,False,1.0,2.2737367544323206e-13,6.994281836919992e-12,,,1.1368683772161603e-13,1.1009771990157805e-11,,
inf,2,0,False,False,False,1.0,3.410605131648481e-13,3.730180182062295e-12,,,2.2737367544323206e-13,2.7953152189103318e-12,,
inf,2,0,False,False,False,1.0,3.410605131648481e-13,3.979039320256561e-13,,,3.410605131648481e-13,7.389644451905042e-13,,
inf,2,0,False,False,False,1.0,9.165725883006586e-13,9.112693272687351e-13,,,1.1368683772161603e-13,1.0516032489249483e-12,,
inf,2,0,False,False,False,1.0,4.547473508864641e-13,7.958078640513122e-13,,,2.2737367544323206e-13,4.022650958394054e-12,,
inf,2,0,False,False,False,1.0,2.2737367544323206e-13,2.934464077757254e-12,,,0.0,2.4548197509021956e-12,,
inf,2,0,False,False,False,1.0,2.2737367544323206e-13,2.1359817569709703e-12,,,0.0,5.684341886080802e-14,,
inf,2,0,False,False,False,1.0,2.2737367544323206e-13,9.374856803373542e-13,,,0.0,6.821210263296962e-13,,
inf,2,0,False,False,False,1.0,2.2737367544323206e-13,0.0,,,2.2737367544323206e-13,9.112693272687351e-13,,
inf,2,0,False,False,False,1.0,2.2737367544323206e-13,1.1368683772161603e-13,,,2.2737367544323206e-13,4.547473508864641e-13,,
inf,2,0,False,False,False,1.0,0.0,1.1368683772161603e-13,,,2.2737367544323206e-13,1.1368683772161603e-13,,
inf,2,0,False,False,False,1.0,2.2737367544323206e-13,7.958078640513122e-13,,,2.2737367544323206e-13,5.684341886080801e-13,,
inf,2,0,False,False,False,1.0,0.0,6.37052186271917e-12,,,2.2737367544323206e-13,6.1852326820078106e-12,,
inf,2,0,False,False,False,1.0,4.547473508864641e-13,1.250300943977956e-10,,,2.2737367544323206e-13,1.3515428652394563e-10,,
inf,2,0,False,False,False,1.0,1.5916157281026244e-12,1.0995188230169856e-09,,,6.821210263296962e-13,1.088957670004645e-09,,
inf,2,0,False,False,False,1.0,4.547473508864641e-13,6.821210263296962e-13,,,2.0463630789890885e-12,2.2737367544323206e-13,,
inf,1,15,False,False,False,1.0,1.0277791084948993,,,,1.0277791084948993,,,
inf,1,15,False,False,False,1.0,1.5472977942608517,,,,1.5472977942608517,,,
inf,1,15,False,False,False,1.0,0.3545722877498716,,,,0.3545722877498716,,,
inf,1,15,False,False,False,1.0,13.05252288417638,,,,13.05252288417638,,,
inf,1,15,False,False,False,1.0,5.155285057069505,,,,5.155285057069505,,,
inf,1,15,False,False,False,1.0,3.365329009944449,,,,3.365329009944449,,,
inf,1,15,False,False,False,1.0,3.251395527794591,,,,3.251395527794591,,,
inf,1,15,False,False,False,1.0,2.685393734326783,,,,2.685393734326783,,,
inf,1,15,False,False,False,1.0,6.368723963682876,,,,6.368723963682876,,,
inf,1,15,False,False,False,1.0,11.149647483622562,,,,11.149647483622562,,,
inf,1,15,False,False,False,1.0,4.1648412295232635,,,,4.1648412295232635,,,
inf,1,15,False,False,False,1.0,10.22158785447927,,,,10.22158785447927,,,
inf,1,15,False,False,False,1.0,4.050634275906735,,,,4.050634275906735,,,
inf,1,15,False,False,False,1.0,2.276759921006564,,,,2.276759921006564,,,
inf,1,15,False,False,False,1.0,0.5982322769635413,,,,0.5982322769635413,,,
inf,1,15,False,False,False,1.0,1.641835683174368,,,,1.641835683174368,,,
inf,1,15,False,False,False,1.0,5.054404647198266,,,,5.054404647198266,,,
inf,1,15,False,False,False,1.0,8.452433426159107,,,,8.452433426159107,,,
inf,1,15,False,False,False,1.0,0.4072643693246612,,,,0.4072643693246612,,,
inf,1,15,False,False,False,1.0,8.4204939764939,,,,8.4204939764939,,,
inf,1,15,False,False,False,1.0,7.127841384848816,,,,7.127841384848816,,,
inf,1,15,False,False,False,1.0,8.498256762474442,,,,8.498256762474442,,,
inf,1,15,False,False,False,1.0,1.2861523898080822,,,,1.2861523898080822,,,
inf,1,15,False,False,False,1.0,5.267191393632669,,,,5.267191393632669,,,
inf,1,15,False,False,False,1.0,6.446026799848316,,,,6.446026799848316,,,
inf,1,15,False,False,False,1.0,2.7680282278424846,,,,2.7680282278424846,,,
inf,1,15,False,False,False,1.0,3.5955985358089024,,,,3.5955985358089024,,,
inf,1,15,False,False,False,1.0,6.248681808690228,,,,6.248681808690228,,,
inf,1,15,False,False,False,1.0,6.277480136989715,,,,6.277480136989715,,,
inf,1,15,False,False,False,1.0,3.816619616992573,,,,3.816619616992573,,,
inf,1,15,False,False,False,1.0,1.2011779771018787,,,,1.2011779771018787,,,
inf,1,15,False,False,False,1.0,11.279883499621931,,,,11.279883499621931,,,
inf,1,15,False,False,False,1.0,7.237099553928713,,,,7.237099553928713,,,
inf,1,15,False,False,False,1.0,6.597715017431901,,,,6.597715017431901,,,
inf,1,15,False,False,False,1.0,7.203819879967362,,,,7.203819879967362,,,
inf,1,15,False,False,False,1.0,8.875583830148871,,,,8.875583830148871,,,
inf,1,15,False,False,False,1.0,11.446056654679982,,,,11.446056654679982,,,
inf,1,15,False,False,False,1.0,6.131487345447324,,,,6.131487345447324,,,
inf,1,15,False,False,False,1.0,15.509265031206809,,,,15.509265031206809,,,
inf,2,15,False,False,False,1.0,10.919592151451264,4.426553880814658,,,10.919592241241729,4.426553798592518,,
inf,2,15,False,False,False,1.0,4.812072233402577,0.9058647130872834,,,4.812072111389494,0.9058641774564062,,
inf,2,15,False,False,False,1.0,0.37503563179872035,13.170013043561458,,,0.3750355325164066,13.170013203242517,,
inf,2,15,False,False,False,1.0,6.161705178868798,8.202638803246721,,,6.161705165829886,8.202638729425244,,
inf,2,15,False,False,False,1.0,5.352738308046059,8.347575736659019,,,5.352738435739519,8.34757565286906,,
inf,2,15,False,False,False,1.0,1.7154354650785353,5.797110686493454,,,1.715435403965725,5.797109603850275,,
inf,2,15,False,False,False,1.0,5.739335666454298,6.66615628373296,,,5.739335732958424,6.66615607351567,,
inf,2,15,False,False,False,1.0,6.029230233793249,10.488126936713272,,,6.029230377885652,10.488127816367406,,
inf,2,15,False,False,False,1.0,10.840466780071226,2.5993382601123023,,,10.840466741685926,2.599339199882729,,
inf,2,15,False,False,False,1.0,7.437935102990785,7.598764923035508,,,7.437935102990785,7.598762980574856,,
inf,2,15,False,False,False,1.0,5.63577006183583,4.1304205093173705,,,5.635769983056496,4.130420310095717,,
inf,2,15,False,False,False,1.0,7.040596305507157,5.705828891667948,,,7.040596379703969,5.70583817420443,,
inf,2,15,False,False,False,1.0,3.4763643446322927,4.091142619743024,,,3.476364263568822,4.091150679325596,,
inf,2,15,False,False,False,1.0,6.585033824762685,3.292434767367684,,,6.585033824762685,3.292433294705939,,
inf,2,15,False,False,False,1.0,3.787260125505591,5.316832719898833,,,2.5405506284879387,8.077482894247984,,
inf,2,15,False,False,False,1.0,1.0296928717356597,2.8725213841208066,,,1.0296928717356597,2.8725197733216743,,
inf,2,15,False,False,False,1.0,8.137099112277161,10.711532344651745,,,8.137099067083525,10.711532344651747,,
inf,2,15,False,False,False,1.0,4.277333842715037,1.1311471738481664,,,4.277333793999478,1.1311482608612748,,
inf,2,15,False,False,False,1.0,7.948005036994281,6.418974853031671,,,7.948005036994725,6.418975098429751,,
inf,2,15,False,False,False,1.0,11.93646448208214,11.603972486467852,,,11.93646448208214,11.603972565982426,,
inf,3,15,False,False,False,1.0,8.672572076123606,9.491673590029771,10.274900544708878,,8.672572110227316,9.491673069406968,10.274900473501724,
inf,3,15,False,False,False,1.0,10.847643014848082,2.2849415850907966,0.3467288941304585,,10.847643069327203,2.2849415850907966,0.34672868405842716,
inf,3,15,False,False,False,1.0,9.399717840339328,14.863280719802805,8.951240775664845,,9.399717730656922,14.863280729517712,8.951240998659893,
inf,3,15,False,False,False,1.0,6.493868024263845,7.816948714299166,6.835310330446316,,6.493867951398331,7.816948797037893,6.835310183893076,
inf,3,15,False,False,False,1.0,1.736533525326814,3.8934287928557767,5.272831717153803,,1.7365335449851231,3.172811022703744,5.777722873435112,
inf,3,15,False,False,False,1.0,2.685130684971154,5.828883195546945,8.972017306127533,,2.685131060797284,5.828883241840632,8.972017170756095,
inf,3,15,False,False,False,1.0,8.219985640472355,6.1824305547137826,1.2083918998513161,,8.219985927876175,6.182431323994635,1.208391807268726,
inf,3,15,False,False,False,1.0,11.394584627803253,5.668779489011799,5.779406893869256,,11.39458510084025,5.668779421886488,5.779406893869256,
inf,3,15,False,False,False,1.0,6.735810871403931,7.075489186844348,5.797013912919285,,6.7358109241375885,7.075488984067083,5.797013912919285,
inf,3,15,False,False,False,1.0,1.4170124519352707,11.273199697438159,4.6509112561703985,,1.4170125619400777,11.273199478813018,4.650911007999702,
inf,3,15,False,False,False,1.0,7.5804409149645835,7.772035599554953,1.9973749259515348,,7.580440876305508,7.772035589788895,1.9973747507669262,
inf,3,15,False,False,False,1.0,7.897591865780116,4.883516464046766,7.208549888751754,,7.897591785594235,4.883516464046766,7.208549888751754,
inf,3,15,False,False,False,1.0,4.5644882212296976,3.6736817895870857,10.773148650336328,,4.564488382978732,3.673681906448232,10.773148445788607,
inf,3,15,False,False,False,1.0,2.8505560888506873,3.000628144638564,8.626033332893332,,2.904698932054941,3.000628144638564,8.626033332893332,
inf,3,15,False,False,False,1.0,2.5610880035419963,8.070253003744577,7.4681995593510475,,2.561087978394305,8.070253003744577,7.468199711383446,
inf,3,15,False,False,False,1.0,2.9427215850750637,2.927941584467219,8.791554503227934,,2.9427214185958714,2.927941584467219,8.791554503227934,
inf,3,15,False,False,False,1.0,7.819173979280328,11.039655896766552,8.858148725956186,,7.819174412239226,11.039655816634705,8.858148725956186,
inf,3,15,False,False,False,1.0,7.379137602635297,4.858823158286563,12.364928548655472,,7.3791376736950705,4.85882320440919,12.364928826592067,
inf,3,15,False,False,False,1.0,6.758591182673867,10.152353541463095,8.738260847401895,,6.758591118444745,10.152349787334472,8.73826063422073,
inf,3,15,False,False,False,1.0,6.799498052817985,3.8789259729958707,7.942131313157938,,6.799496744953271,3.8789259900754773,7.9421312373608774,
inf,3,15,False,False,False,1.0,4.376429756815825,3.1704649427894958,3.4354287430689894,,4.376429729365139,3.1704649427894958,3.4354288953226435,
inf,3,15,False,False,False,1.0,3.6938187350058476,3.5440195639287992,13.79287720789343,,3.693818905127934,3.544019272881313,13.792877309724078,
inf,3,15,False,False,False,1.0,6.758941273837318,7.320306812817687,13.79840981696586,,6.758941246501163,7.320306838288466,13.798409849926644,
inf,3,15,False,False,False,1.0,2.585808253889552,8.38926676955536,12.99374933681806,,2.585808286112272,8.389266598168296,12.993749379947145,
inf,3,15,False,False,False,1.0,8.1124462779172,4.121990132639361,11.23185037750747,,8.112447200214014,4.121990083726455,11.23185024643338,
inf,4,15,False,False,False,1.0,8.11306104932809,9.354884690637286,3.849632906410511,7.023800332382803,8.113061004234819,9.354884640913127,3.849632832657367,7.0237960005593
inf,4,15,False,False,False,1.0,1.783458261191149,4.547340169817994,3.58068816718779,9.951243766210693,1.7834579540543254,4.547340169817994,3.5806885046397574,9.951271462741039
inf,4,15,False,False,False,1.0,4.101518055401459,5.475666510005991,3.9259267428757587,1.2326139317154992,4.1015179384224485,5.475666527657894,3.9259265154064775,1.2326092554386898
inf,4,15,False,False,False,1.0,7.048463543741095,10.650279990887666,5.299104816306862,6.9095097105883605,7.048461526686649,10.650280001873764,5.29910454782025,6.909510739031896
inf,4,15,False,False,False,1.0,5.639818025764763,11.128322364624333,3.639252009114474,5.337077599819703,5.639818031603362,11.12832226725061,3.639251859318735,5.337077641318722
inf,4,15,False,False,False,1.0,3.561566573389446,7.096083882632535,14.619139221542467,6.005533659971599,3.5615667174055665,7.096083746275492,14.61913952577424,6.00553198639199
inf,4,15,False,False,False,1.0,11.70539335231546,7.890059011585147,6.837945261332498,2.9364118964351653,11.70539356252231,7.890058941892141,6.837945754044629,2.9364117404216747
inf,4,15,False,False,False,1.0,18.982746071384614,2.972441519500711,9.024462776213955,7.4806120309267845,14.487721573059256,2.9724414337434113,9.024462410363038,5.284583797293085
inf,4,15,False,False,False,1.0,4.583080875568169,5.801898450733521,7.0911807708990295,8.646298494324627,4.58308109091529,5.801898450733521,7.09118059328989,8.646298916264326
inf,4,15,False,False,False,1.0,4.469056213328787,1.8557773210609962,4.9190457573831115,7.1131175280158825,4.469056176819422,1.8557769274250862,4.919045954155823,7.1131171251811285
inf,4,15,False,False,False,1.0,11.603969248935677,8.45748979152307,3.0719761638692575,6.175876384985079,11.977010271402687,8.457489912536557,3.0719762413075142,6.175875670508936
inf,4,15,False,False,False,1.0,2.4907918833162075,8.907343338393037,10.793298076245156,7.448952045723041,2.6857743205221034,7.265905081489327,10.793298790009525,7.448951919578016
inf,4,15,False,False,False,1.0,3.1818190385368204,4.233255685361973,7.001775676387662,10.893241074699583,3.506559707956679,4.233255791639607,7.0017757924447315,10.893242132516667
inf,4,15,False,False,False,1.0,3.295796028844338,6.97291805953837,6.105653338602996,2.657049110354669,2.5212017620949556,6.972918032641228,7.324808126487671,2.6570495714503797
inf,4,15,False,False,False,1.0,3.5473062077331337,11.897957351214476,2.561940551973726,9.72570051165487,3.5473056837582835,11.897957376409643,2.561940200023019,11.95186582452397
inf,4,15,False,False,False,1.0,7.7086397435637934,3.300623336380576,4.113426635460083,8.215446980578433,7.7086398363666575,3.3006232874352373,4.113426674725316,7.992982256049924
inf,4,15,False,False,False,1.0,1.9524413494809798,3.3043421142750917,1.3128314318306895,7.211775891100442,1.9524408631588297,3.3043421432922884,1.312831700283091,7.042542339334304
inf,4,15,False,False,False,1.0,4.861109195267566,7.310949352340221,2.767677669058581,11.37407219902332,4.861109129284409,7.310949569092521,2.003244771471113,11.374072356532439
inf,4,15,False,False,False,1.0,11.043401874978612,4.682345221003074,5.495237904852977,7.981883889801398,11.043401874978612,4.6823453216829805,5.495237726808126,7.981883332126353
inf,4,15,False,False,False,1.0,0.9718954824944674,11.189793634094451,4.381245404659718,8.986301180193443,0.9718952731127225,11.189793644956579,4.381244412335514,8.986300464527334
inf,4,15,False,False,False,1.0,8.81812729892804,3.0756360937619873,4.1155208047145875,8.004524713667145,8.81812684245116,3.0756361436513595,4.115521509362046,8.00452455147646
inf,4,15,False,False,False,1.0,2.280963389288177,2.9464508351621586,2.951359990186857,6.68445960531673,2.2809632521277776,2.946450850542971,2.951360247497784,6.684459914929269
inf,4,15,False,False,False,1.0,11.325078568607287,3.826594188019909,4.932132060549511,2.9607702410990204,11.32507800339584,3.8265939320535756,4.932131930977057,2.960770174084046
inf,4,15,False,False,False,1.0,4.980492742207453,5.659538831207283,3.4231784592231764,6.12321780713577,4.980493286379266,5.659538831207283,3.4231784308345934,6.123217753112935
inf,4,15,False,False,False,1.0,9.504652553681646,11.008839837181458,10.484665821478876,6.104514604860677,9.504652872241081,11.008839712207832,10.484666020213302,6.104514880575834
inf,4,15,False,False,False,1.0,6.551633016289675,3.384170633235477,11.836157763224465,5.9954801295386275,9.275855835654758,3.384170633235477,11.83615768510276,5.995479842811906
inf,4,15,False,False,False,1.0,3.3276408291921875,9.35924228925542,20.085233454079226,2.9224756216176044,3.2484473669202942,9.359242772054838,20.085233694477125,2.922477136935451
inf,4,15,False,False,False,1.0,3.943657147253486,10.227426749915683,15.02807490971079,10.193918327788369,3.9389744254817343,10.227426953885217,15.028074787931821,10.19392051045475
inf,4,15,False,False,False,1.0,4.135803954565225,3.127564376035717,8.502222064715522,4.809316470425012,4.135803823771825,3.127563763733744,8.502221970570778,4.809316812221021
inf,4,15,False,False,False,1.0,0.9639488392772021,10.566111209029263,4.910002160887521,6.120233036879775,0.963949410896919,10.566111458985928,4.910002101075916,6.120236252460085
inf,4,15,False,False,False,1.0,6.822135317815765,6.986869544602166,11.713321986803367,11.765929453316925,6.822136399054992,6.986869542107035,11.713322820371634,11.76592967467858
inf,4,15,False,False,False,1.0,9.693680787595936,1.8792873992635963,9.708434571346041,2.238180656700073,9.693678992327076,1.879287557110958,9.708434665755693,2.2381806669810205
inf,4,15,False,False,False,1.0,6.576571310866029,6.25145561834858,5.57700096150585,1.0771875895949585,6.57657131071505,6.251455823699097,5.5769998301830945,1.0771874304380111
inf,4,15,False,False,False,1.0,2.8287322015891685,10.361724534716856,4.688254842560057,11.546216668360454,2.8287284136782076,10.361724881896246,4.68825512168506,11.546216404743198
inf,4,15,False,False,False,1.0,6.161246273850626,5.639607739029751,10.393843124098494,6.155446575177302,6.161244226425994,5.63960771249124,10.393843655453932,6.155446546710292
inf,4,15,False,False,False,1.0,6.703551618443337,1.3630797727656705,1.9625175020301862,11.6720627512112,6.703549472955503,1.3630797641704986,1.9625175020301862,11.672062525779952
inf,4,15,False,False,False,1.0,7.257498697914957,6.185784664808859,14.700385212377025,9.66721483123409,7.257499206134175,6.185785183326796,14.700385239778187,9.667214851216917
inf,4,15,False,False,False,1.0,10.77391131046751,9.30358522705334,4.861651893237479,10.919840748450747,10.773908416834406,9.303585265369419,4.861651407641333,10.919841516191582
inf,4,15,False,False,False,1.0,13.842867134446125,11.50699139434455,5.674661803460236,8.893401346107082,13.842867154980238,11.506991529273119,5.6746624239718635,8.893401055713555
inf,4,15,False,False,False,1.0,9.19208052114361,1.132890615213735,7.582167587059728,10.330311107982645,9.192078749606953,1.132890730404013,7.582167743723132,10.330311044418238
inf,4,15,False,False,False,1.0,8.9838819491618,1.3847014590039524,5.724713955352333,2.1568575083667185,8.983897756213521,1.3847012593670065,5.724712284693854,2.156857499854065
inf,3,15,False,False,False,1.0,6.389805673398074,14.860283598821693,5.382162998239276,,6.38978119585685,14.860283432002985,5.382163218666653,
inf,3,15,False,False,False,1.0,15.124117224193395,6.7944760384101235,13.422582911135454,,15.124099721345877,6.794476216765676,13.422582718330926,
inf,3,15,False,False,False,1.0,4.464101838962242,3.4570923931569166,9.655395332866286,,4.464099603850129,3.457091694129103,9.655394499835332,
inf,3,15,False,False,False,1.0,2.2277816088218034,6.75238231668329,11.49966722598331,,2.227786227215517,6.752380981354238,11.499667108356558,
inf,3,15,False,False,False,1.0,2.9539336290707934,2.7771856258214807,6.149737975454573,,2.953927540591681,2.7771859006178827,6.149737847828662,
inf,3,15,False,False,False,1.0,3.68364555476106,6.619129428485182,2.8903411150701803,,3.683645730133622,6.619129507358676,2.8903410730306476,
inf,3,15,False,False,False,1.0,7.779518313212431,5.910836869798345,8.610809631961585,,7.779519166878173,5.910836730505372,8.610808400784578,
inf,3,15,False,False,False,1.0,11.064453202679458,9.07381209731871,2.673540390588223,,11.064452086458598,9.073811195345689,2.673540493931345,
inf,3,15,False,False,False,1.0,2.223682939677072,6.6549959641152325,4.749626830465956,,1.5879951039466325,6.6549959641152325,4.749627941764366,
inf,3,15,False,False,False,1.0,2.470171355597171,6.399531987720788,4.482226097772872,,3.112406387348988,3.5488063225324997,4.482226436076857,
inf,3,15,False,False,False,1.0,10.923274371575626,7.81579391548758,12.892541439308513,,8.71741203459702,7.81579391548758,12.892541727846183,
inf,3,15,False,False,False,1.0,11.350228720302908,13.604498712951456,7.734112012535492,,11.350228713087851,13.604502541573956,7.734111402670428,
inf,3,15,False,False,False,1.0,12.078484205851199,0.49065307995719687,5.16839752496191,,12.078483781178303,0.4906531152026698,5.168398255854026,
inf,3,15,False,False,False,1.0,2.0204468609117088,11.158659608527369,3.549834599127511,,2.020447712394269,11.158661124185496,3.5498343892037387,
inf,3,15,False,False,False,1.0,4.874592277928009,11.32732113671273,8.954718007360729,,4.874592259781152,11.327321235800973,8.954716224125052,
inf,2,15,False,False,False,1.0,6.185939746204076,4.290809439053812,,,6.185939147082402,4.290811839454925,,
inf,2,15,False,False,False,1.0,5.561477007319468,3.874461226024872,,,5.561478686720067,3.874455666330238,,
inf,2,15,False,False,False,1.0,3.9966239380023,1.291378078022638,,,3.996624868559446,1.291380518205571,,
inf,2,15,False,False,False,1.0,12.399786035810502,10.38601770760331,,,12.399788290562306,10.386012990050762,,
inf,2,15,False,False,False,1.0,7.287506055501664,8.389397989342394,,,7.287505846556736,8.389399911408052,,
inf,2,15,False,False,False,1.0,8.913457490592887,5.281496651241967,,,8.913459609713085,5.281500228086097,,
inf,2,15,False,False,False,1.0,12.903842390771086,6.9584951117624785,,,12.90384254338356,6.95849897518333,,
inf,2,15,False,False,False,1.0,3.7608160183903,5.338113307105062,,,3.7608152859595916,5.33811321313148,,
inf,2,15,False,False,False,1.0,4.887669594312864,2.970899334918838,,,4.887669430323483,2.9708979868469685,,
inf,2,15,False,False,False,1.0,13.947733554612,6.611790363845494,,,13.947732580994222,6.6117887225548415,,
inf,2,15,False,False,False,1.0,4.507140767518603,8.99420143271667,,,4.5071406753329795,8.994204781591685,,
inf,2,15,False,False,False,1.0,16.035717643015765,10.00352467804038,,,16.03571536207474,10.00352438270743,,
inf,2,15,False,False,False,1.0,7.82284697928482,8.726092413946375,,,7.822846337385143,8.726092402201251,,
inf,2,15,False,False,False,1.0,10.506300676996409,7.3700285072191045,,,10.506300781691873,7.370028321886001,,
inf,2,15,False,False,False,1.0,13.512576781482512,10.842303761130365,,,13.51257666141568,10.842303737198858,,
inf,2,15,False,False,False,1.0,5.391210744756156,2.1337439667276805,,,4.975262218271581,2.1337439667276805,,
inf,2,15,False,False,False,1.0,9.482979819706468,8.89918341098029,,,3.0541719163034893,8.89918341098029,,
inf,2,15,False,False,False,1.0,5.9932226810381986,10.462927822850668,,,5.993223271226649,10.462930295175404,,
inf,2,15,False,False,False,1.0,3.6709102372636653,10.063658305249751,,,3.357488320586299,10.458106555148884,,
inf,2,15,False,False,False,1.0,2.5968519239947323,9.72661066645876,,,2.5968524877781003,9.726610058278242,,
inf,1,30,False,False,False,1.0,2.0607199585254024,,,,2.0607199585254024,,,
inf,1,30,False,False,False,1.0,43.63494863438948,,,,3.0784580689897583,,,
inf,1,30,False,False,False,1.0,0.7130674625814659,,,,0.7130674625814659,,,
inf,1,30,False,False,False,1.0,26.04073618865493,,,,26.04073618865493,,,
inf,1,30,False,False,False,1.0,10.277434649000364,,,,10.277434649000364,,,
inf,1,30,False,False,False,1.0,6.748129878240294,,,,6.748129878240294,,,
inf,1,30,False,False,False,1.0,6.506040444873135,,,,6.506040444873135,,,
inf,1,30,False,False,False,1.0,5.376333120893548,,,,5.376333120893548,,,
inf,1,30,False,False,False,1.0,12.763240885062816,,,,12.763240885062816,,,
inf,1,30,False,False,False,1.0,22.307237174560033,,,,22.307237174560033,,,
inf,1,30,False,False,False,1.0,8.31223546208546,,,,8.31223546208546,,,
inf,1,30,False,False,False,1.0,20.432016640912515,,,,20.432016640912515,,,
inf,1,30,False,False,False,1.0,8.110906829233782,,,,8.110906829233782,,,
inf,1,30,False,False,False,1.0,4.555342930393671,,,,4.555342930393671,,,
inf,1,30,False,False,False,1.0,1.19502410866954,,,,1.19502410866954,,,
inf,1,30,False,False,False,1.0,3.282959417149029,,,,3.282959417149029,,,
inf,1,30,False,False,False,1.0,10.102978496533558,,,,10.102978496533558,,,
inf,1,30,False,False,False,1.0,16.918629417250763,,,,16.918629417250763,,,
inf,1,30,False,False,False,1.0,0.8145552778011327,,,,0.8145552778011327,,,
inf,1,30,False,False,False,1.0,16.840991612110145,,,,16.840991612110145,,,
inf,1,30,False,False,False,1.0,49.9904395533785,,,,14.254859486687565,,,
inf,1,30,False,False,False,1.0,16.972359984313087,,,,16.972359984313087,,,
inf,1,30,False,False,False,1.0,2.571420103373653,,,,2.571420103373653,,,
inf,1,30,False,False,False,1.0,18.084973944966425,,,,10.547372816142301,,,
inf,1,30,False,False,False,1.0,12.89717615409145,,,,12.89717615409145,,,
inf,1,30,False,False,False,1.0,5.5381819848016685,,,,5.5381819848016685,,,
inf,1,30,False,False,False,1.0,7.1788116173653265,,,,7.1788116173653265,,,
inf,1,30,False,False,False,1.0,12.494042208742249,,,,12.494042208742249,,,
inf,1,30,False,False,False,1.0,12.539724202772629,,,,12.539724202772629,,,
inf,1,30,False,False,False,1.0,7.634001857589378,,,,7.634001857589378,,,
inf,1,30,False,False,False,1.0,2.4083165494660035,,,,2.4083165494660035,,,
inf,1,30,False,False,False,1.0,22.5535388572005,,,,22.5535388572005,,,
inf,1,30,False,False,False,1.0,14.466105553015106,,,,14.466105553015106,,,
inf,1,30,False,False,False,1.0,13.196295310851813,,,,13.196295310851813,,,
inf,1,30,False,False,False,1.0,14.407786298768952,,,,14.407786298768952,,,
inf,1,30,False,False,False,1.0,17.761718708449088,,,,17.761718708449088,,,
inf,1,30,False,False,False,1.0,22.87368467798386,,,,22.87368467798386,,,
inf,1,30,False,False,False,1.0,12.287334282888622,,,,12.287334282888622,,,
inf,1,30,False,False,False,1.0,30.987231939967252,,,,30.987231939967252,,,
inf,2,30,False,False,False,1.0,21.82949517881112,8.851207704385462,,,21.829495633846385,8.851208597802984,,
inf,2,30,False,False,False,1.0,9.635461717536836,1.813898116708985,,,9.63546175577147,1.813899137642924,,
inf,2,30,False,False,False,1.0,0.7497552832104565,26.36320560699772,,,0.7497554081987349,26.363205701383997,,
inf,2,30,False,False,False,1.0,12.314301029820014,16.391648644059305,,,12.314300797586371,16.391648530898905,,
inf,2,30,False,False,False,1.0,10.71994696921568,16.69513644373139,,,10.719946595791741,16.695136448181504,,
inf,2,30,False,False,False,1.0,3.431587879387906,11.610859916857226,,,3.4315878204337444,11.610861141800244,,
inf,2,30,False,False,False,1.0,11.460630574872733,13.365637419374641,,,11.460630738821793,13.36563765169126,,
inf,2,30,False,False,False,1.0,12.067165181940377,20.999386156049816,,,12.067165042021122,20.999381404982906,,
inf,2,30,False,False,False,1.0,5.19633973635175,21.701199385514492,,,5.196342092539673,21.701199294322787,,
inf,2,30,False,False,False,1.0,14.884993987526133,15.260100753596452,,,14.884993935286436,15.260100476692608,,
inf,2,30,False,False,False,1.0,11.279502650004197,8.265490784284118,,,11.279502980008274,8.265491516409362,,
inf,2,30,False,False,False,1.0,14.087025719817039,11.453458847745363,,,14.087025743972175,11.453463172873631,,
inf,2,30,False,False,False,1.0,6.955156088775188,8.179022250116594,,,6.955156207297095,8.178958001717854,,
inf,2,30,False,False,False,1.0,5.2119934109675645,10.92647539511653,,,6.575477991418314,13.152845409772834,,
inf,2,30,False,False,False,1.0,16.19258796215274,5.087663934057647,,,16.19258752841399,5.087663934057633,,
inf,2,30,False,False,False,1.0,2.0623721297689346,5.746241395024275,,,2.0623721297689346,5.746242082845828,,
inf,2,30,False,False,False,1.0,16.265908296552883,21.459023509526805,,,16.26590867368594,21.459023509526805,,
inf,2,30,False,False,False,1.0,8.563082529480809,2.2556498616229352,,,8.563082124335349,2.2556472887456565,,
inf,2,30,False,False,False,1.0,15.866049793992092,12.839469343601053,,,15.866049619744462,12.839470748560613,,
inf,2,30,False,False,False,1.0,23.746267886034044,23.22075472264029,,,23.746268094441973,23.220754808036997,,
inf,3,30,False,False,False,1.0,17.386666585785328,17.295730808687,19.89751781471949,,17.38666661599062,18.96129227590589,20.54087010651362,
inf,3,30,False,False,False,1.0,21.679216862123273,4.573575481140868,0.6934850591048843,,21.679216760932892,4.573573893553308,0.6934850574679616,
inf,3,30,False,False,False,1.0,18.802255215916702,29.7799237067736,17.900303132433248,,18.802255550613367,29.77992359567013,17.900303549875694,
inf,3,30,False,False,False,1.0,12.998229231276351,15.653884624345375,13.676699770308376,,12.998229041553477,15.653884808726461,13.676699741863187,
inf,3,30,False,False,False,1.0,3.4773167685680755,6.349552536543808,11.551881543699462,,3.4773166834456815,6.349552586807559,11.551881755775858,
inf,3,30,False,False,False,1.0,5.3743940392529375,11.662295916251697,17.930683296464967,,5.374393945582077,11.662294683263637,17.930683336848926,
inf,3,30,False,False,False,1.0,16.429591175159857,12.359073113232801,2.415368269957308,,16.42959128513026,12.359073228814633,2.415368010459222,
inf,3,30,False,False,False,1.0,22.78695932876507,11.339556353942774,11.524675992910355,,22.786958916247492,11.339555218231899,11.52467570874134,
inf,3,30,False,False,False,1.0,13.489300362774147,14.156143951791162,11.616465677363044,,13.489300081011034,14.1561441112826,11.616465677363044,
inf,3,30,False,False,False,1.0,2.8339921187359964,22.53580733570675,9.327850370729493,,2.833992056661157,22.535807743555516,9.32785018317561,
inf,3,30,False,False,False,1.0,15.16355690096695,15.558462251985645,3.9929724525845454,,15.163557052808603,15.558462251985645,3.992972821548884,
inf,3,30,False,False,False,1.0,15.799916503751588,9.764518374031143,14.381170157652262,,15.7999163567768,9.76451774127044,14.381170411233919,
inf,3,30,False,False,False,1.0,9.110317447360668,7.352532825373244,21.555289109295494,,9.110317447360668,7.352533155819697,21.555289531934587,
inf,3,30,False,False,False,1.0,5.694330455105208,6.004985074683684,17.184900812423475,,5.802622516822818,6.004985074683684,17.184900812423475,
inf,3,30,False,False,False,1.0,5.118612134895636,16.154360968301926,14.919579679673944,,5.118611927722373,16.154360968301926,14.91957988699751,
inf,3,30,False,False,False,1.0,5.896744654724966,5.853381886137869,17.565765449474853,,5.896744513417196,5.853382092248248,17.565765449474853,
inf,3,30,False,False,False,1.0,15.632176516996287,22.08686800829206,17.734626898806006,,15.63217651723301,22.086867996843456,17.734626760442843,
inf,3,30,False,False,False,1.0,14.718606514520376,9.718893717249463,24.80776245696083,,14.718606653305386,9.718893717249463,24.807762655810496,
inf,3,30,False,False,False,1.0,13.538208113959902,20.34270957776649,17.511357360502075,,13.538208209394059,20.342709464880787,17.511357675093564,
inf,3,30,False,False,False,1.0,7.746537481648477,13.600452693120044,15.8901792362489,,7.746537351989235,13.60045254780468,15.89017865281423,
inf,3,30,False,False,False,1.0,8.733311084736094,6.353521919896118,6.879693452640791,,8.733310754033297,6.353521870709265,6.879692890190974,
inf,3,30,False,False,False,1.0,7.3944556351427435,7.084546576076808,27.61103118151888,,7.394455722803218,7.084545635284233,27.611031449199118,
inf,3,30,False,False,False,1.0,13.525506239139908,23.05159419192762,32.07529107887831,,13.525506237381085,14.653006353352325,27.61286627382154,
inf,3,30,False,False,False,1.0,5.176489181213128,16.766772161546104,25.98045235323304,,5.176489252592116,16.76677156785902,25.980452577451523,
inf,3,30,False,False,False,1.0,16.228126534338852,8.257456439360398,22.381778387987023,,16.228126616605582,8.257457135944945,22.381777792411256,
inf,4,30,False,False,False,1.0,16.253651273762134,18.705924944824,7.672499012150413,14.083339005456823,16.25365142046163,18.70592520826263,7.672499071397306,14.083330956172682
inf,4,30,False,False,False,1.0,3.5659466680685217,9.114744606201025,7.164979311999629,19.920018600621475,3.56594513101106,9.114744308552293,7.164979406464385,19.919975306668807
inf,4,30,False,False,False,1.0,10.956116829464854,7.852210356861146,2.4673937923118445,8.215289747829509,10.956116437994893,7.852210262964319,2.4673485414078207,8.215289647594654
inf,4,30,False,False,False,1.0,14.112927388866824,21.290907824302387,10.620930140099437,13.801541845080738,14.11292767565667,21.290907917748708,10.620930503025058,13.801541182342916
inf,4,30,False,False,False,1.0,11.297911966846192,7.279768296223225,10.674684466669797,22.228649500249013,11.297911754564375,7.279768246108837,10.674684140033069,22.228649424668898
inf,4,30,False,False,False,1.0,7.127115060111513,14.178208620541739,12.040519085433145,29.302779094066665,7.127114885325558,14.178208782793513,12.040524434079872,29.302780513837213
inf,4,30,False,False,False,1.0,24.455525234769095,15.817018202529807,5.422694299163337,13.602307157947877,23.43455401844804,15.81701800307913,5.88394651308519,13.602307477241284
inf,4,30,False,False,False,1.0,35.89166470190336,5.953283422120486,18.037205851544364,13.785620856176743,29.021263683224916,5.953283483296026,18.037206037831673,10.562862834935157
inf,4,30,False,False,False,1.0,9.159582582043408,11.624748965685686,14.085753911882659,17.257012702663104,9.15958294667324,11.624748902870342,14.085754620414919,17.25701412031168
inf,4,30,False,False,False,1.0,8.94312336590254,3.716725263865332,9.878918926831766,14.18526775952476,8.943121722217228,3.7167251468270055,9.878917947947864,14.18526915526655
inf,4,30,False,False,False,1.0,23.181106420349323,17.790630181726076,6.141460413478131,12.317956551293507,23.929305774544414,16.906575694590657,6.141460363957192,12.317956904775162
inf,4,30,False,False,False,1.0,4.985593729446534,16.250977303443406,21.583545432171643,14.883189701642516,5.377039165087966,14.53703549689614,21.58354589462571,14.883189169010059
inf,4,30,False,False,False,1.0,7.008852081544962,13.997029396783491,21.834873192951513,8.478201185009741,7.008852017947146,13.9970291927957,21.834874930052113,8.478201026102516
inf,4,30,False,False,False,1.0,5.043667351123149,4.345130235231631,13.943537482177062,12.215311814574905,5.043667270482816,5.316229207801439,13.943537553976014,14.652523573093363
inf,4,30,False,False,False,1.0,23.696694031154124,5.101992698750507,23.91999593188929,7.081317944938634,23.69669391640945,5.101992040512799,23.919995291689986,7.081317025421849
inf,4,30,False,False,False,1.0,15.404224701802974,6.603889272567179,16.390442492121743,8.263813788278707,15.404224658026969,6.603888980855098,15.960913325677852,8.263813547292095
inf,4,30,False,False,False,1.0,3.897574513341771,6.592586991173206,2.624491405754425,14.413914313822449,3.8975738161168993,6.592587417662281,2.624491272061298,14.07513169454203
inf,4,30,False,False,False,1.0,9.685976185153542,14.609017045932678,22.762939965962985,5.534005489436426,9.685976347962105,14.609016411482928,22.762939767527197,4.002481100142782
inf,4,30,False,False,False,1.0,22.110477019026153,11.011118961940273,15.962529110859737,9.288670075581024,22.110476921822094,11.011117331178975,15.962529996773544,9.288670850057711
inf,4,30,False,False,False,1.0,1.9454492327747268,22.453353586887076,8.744642664170096,18.00274888980451,1.9454476868707151,22.453354014481743,8.744642664170096,18.002749072450335
inf,4,30,False,False,False,1.0,17.621982303889535,6.156839631793827,16.003709258166687,8.186835710285099,17.621981974256883,6.156839556559041,16.003709855984802,8.186835461244282
inf,4,30,False,False,False,1.0,4.558894826777095,5.888340942069569,5.8980802244804975,13.338105497793837,4.558894795241898,5.888340942069569,5.898081562856044,13.338104855504469
inf,4,30,False,False,False,1.0,7.644232687209734,9.858937558428572,22.690417409399437,5.9303234863806855,7.644232312439117,9.858937350003007,22.690414641193232,5.930323438836138
inf,4,30,False,False,False,1.0,9.94975702287335,11.306108441694088,6.84198468225464,12.216713729764637,9.94975796931994,11.306108713893588,6.841985029400015,12.216714185430655
inf,4,30,False,False,False,1.0,19.026818041648,22.011218548745,20.929257210229977,12.2002414458968,19.026818531338144,22.011217822088234,20.929257327784114,12.200241554107036
inf,4,30,False,False,False,1.0,13.11306259603029,6.768138290547715,23.66423802892407,12.016820619108843,18.56821312761509,6.768138290547715,23.66423817313264,12.016820719666343
inf,4,30,False,False,False,1.0,6.64406083004137,5.842096775228497,19.6206914532708,40.14794947196117,6.4868910497586025,5.842097274720282,18.69390614050432,40.147948846204635
inf,4,30,False,False,False,1.0,7.873186320821981,20.482630004506806,30.07637917771192,20.3866368154614,7.864544194261037,20.482630004506806,30.07637873122302,20.386635598078673
inf,4,30,False,False,False,1.0,8.272241863007528,6.256828066226708,17.025295161904868,9.62385080027206,8.2722418785502,6.25682807725896,17.02529520022848,9.623850545086214
inf,4,30,False,False,False,1.0,21.14030281065242,9.821066556033564,1.9278759608957865,12.244429941455557,21.140302512493562,9.821066817861965,1.9278768491519036,12.244429865374174
inf,4,30,False,False,False,1.0,13.660893511759166,13.977808629860608,23.52206210338051,23.528935382660936,13.660893715861341,13.977808068867859,23.52206151748218,23.528935539481925
inf,4,30,False,False,False,1.0,19.29311692942263,3.764581456943439,19.426720620100028,4.468825878800459,19.293118064582252,3.7645810874664685,19.426720140460166,4.468825862226066
inf,4,30,False,False,False,1.0,13.196381695469114,12.525109404562896,2.154985425944922,11.151899156060844,13.196379887273935,12.52510919980207,2.154984032853554,11.15189930748786
inf,4,30,False,False,False,1.0,5.640635989182379,20.67857591858968,9.375604833370089,23.09433324706071,5.640639037535694,20.678575464490205,9.37560481618999,23.09433304907178
inf,4,30,False,False,False,1.0,12.32664786011407,11.268973261595162,20.75943451765117,12.304231337652006,12.326650991171656,11.268973265206686,20.759435004807436,12.304231363528334
inf,4,30,False,False,False,1.0,13.414251336597511,2.7275416766088894,3.9275540265157707,23.337521143131866,13.414249862049209,2.7275416118968714,3.927553643845802,23.337520644689377
inf,4,30,False,False,False,1.0,14.50461624310066,12.400577474814277,19.327243432983536,29.389704689958183,14.504618054026984,12.400576730162785,19.327242581276753,29.389704979008798
inf,4,30,False,False,False,1.0,21.48014312544161,18.566429591582793,9.728946586038562,21.847597014934852,21.4801393677144,18.566430786849217,9.728947587310214,21.847598146983447
inf,4,30,False,False,False,1.0,27.520467725685265,23.013503624884226,17.787908141733087,11.383158009703338,27.5204598902349,23.01350276494309,17.78790899355452,11.383155134887268
inf,4,30,False,False,False,1.0,18.543991526496296,2.269623099870161,15.11843668123211,20.65648271279069,18.544006470827632,2.269623176144967,15.11843653849452,20.656482866679042
inf,4,30,False,False,False,1.0,17.974260020684063,2.76467169128967,11.446720528890703,4.304161631618248,17.97424883505468,2.764671283409766,11.446720764752218,4.304161933678222
inf,3,30,False,False,False,1.0,12.91371393145024,29.718282805631965,10.776955805078336,,12.913690717618778,29.718280973593057,10.7769564448955,
inf,3,30,False,False,False,1.0,30.14105552713873,13.584341568657637,26.845011399183328,,30.14105850233683,13.584340997832589,26.84500914306398,
inf,3,30,False,False,False,1.0,6.911751981413195,8.93401046810747,19.333287929237702,,6.911751549159932,8.934010266185734,19.333291203084556,
inf,3,30,False,False,False,1.0,4.458372458097295,13.532881916487849,22.931967209148127,,4.4583701814674965,13.532880059874397,22.931968019683033,
inf,3,30,False,False,False,1.0,5.904605931621383,5.557156421458392,12.279054121656953,,5.90460589544713,5.557155566823448,12.279054073035967,
inf,3,30,False,False,False,1.0,7.317933469577339,5.78326207160502,13.253664319881254,,7.317933407940331,5.783261779827815,13.25366315797197,
inf,3,30,False,False,False,1.0,15.554059822980491,11.828068113800212,17.174613455936754,,15.554059497784165,11.82806828034295,17.174614646061645,
inf,3,30,False,False,False,1.0,22.12163230956629,18.156673967786386,5.349150416168882,,22.121633705611227,18.156673518502757,5.349149271654452,
inf,3,30,False,False,False,1.0,4.418733401054294,13.305149653490341,9.497789943116528,,3.18130437033789,13.305149653490341,9.497789943116528,
inf,3,30,False,False,False,1.0,4.9354756353794755,6.616973280762121,8.976289816659195,,6.185071830879702,7.122655646064486,8.976288480829437,
inf,3,30,False,False,False,1.0,17.39960960679791,15.631235483592073,25.786528846226194,,17.399607399384255,15.631234913041432,25.786532815813302,
inf,3,30,False,False,False,1.0,22.74205164887128,27.190185720259116,15.485751435535702,,22.74205060345291,27.19018379111594,15.485750753655635,
inf,3,30,False,False,False,1.0,24.143233108178165,0.9807434466922343,10.32795874040574,,24.143232653157085,0.9807433925344681,10.327956458412055,
inf,3,30,False,False,False,1.0,4.037734958626363,22.31087012434278,7.091812121531784,,4.037735021650625,22.31086802526127,7.091812062070863,
inf,3,30,False,False,False,1.0,9.758743897374146,22.647679434813178,17.919410116477597,,9.758743908818646,22.647679434813178,17.919411988151364,
inf,2,30,False,False,False,1.0,12.377886491349468,8.57634092001529,,,12.377886135700685,8.57634092001529,,
inf,2,30,False,False,False,1.0,11.139321078501377,7.759905032881342,,,11.139323189032194,7.759892260107267,,
inf,2,30,False,False,False,1.0,7.999199619709422,2.583229209619691,,,7.9992014209817714,2.5832292096196916,,
inf,2,30,False,False,False,1.0,24.909591416588132,20.771029194717617,,,24.90958963845921,20.771030896305422,,
inf,2,30,False,False,False,1.0,14.544601025420144,16.842426132453994,,,14.544601149383185,16.842428193984038,,
inf,2,30,False,False,False,1.0,17.856618113488004,10.618700376426844,,,17.856615878288604,10.618692594339478,,
inf,2,30,False,False,False,1.0,25.766203516317276,13.962892634727918,,,25.76620405448989,13.96289480317402,,
inf,2,30,False,False,False,1.0,7.52019303112996,10.672789127767254,,,7.5201915798799615,10.672786778430023,,
inf,2,30,False,False,False,1.0,9.765734247372878,5.94182048105316,,,9.76573409448042,5.941820489024907,,
inf,2,30,False,False,False,1.0,27.958681485934036,13.255088291112205,,,27.958679583393103,13.255087855965884,,
inf,2,30,False,False,False,1.0,9.01022713076855,17.925638252292657,,,9.01022784127794,17.925641858805413,,
inf,2,30,False,False,False,1.0,32.066522461105286,20.0363739104304,,,32.06652122713664,20.0363741547293,,
inf,2,30,False,False,False,1.0,15.66572879089316,17.499950987388477,,,15.665731280798491,17.499953316297155,,
inf,2,30,False,False,False,1.0,21.05752478655311,14.730507487225768,,,21.05752642134284,14.730504770161383,,
inf,2,30,False,False,False,1.0,27.02401365041849,21.677870746561776,,,27.024010961876893,21.677870778082166,,
inf,2,30,False,False,False,1.0,10.779201895882132,4.2696189445871555,,,9.950842882956069,4.2696189445871555,,
inf,2,30,False,False,False,1.0,18.934635867796946,17.784036179775004,,,6.107125303016615,17.784036179775004,,
inf,2,30,False,False,False,1.0,11.961205457498114,20.920807159991526,,,11.961204514763564,20.920807056624366,,
inf,2,30,False,False,False,1.0,7.340609986213849,19.876530566070546,,,6.7166620068496385,20.882607097991976,,
inf,2,30,False,False,False,1.0,5.188903807717403,19.43249777923591,,,5.188900755532874,19.432498547922172,,
inf,1,660,False,False,False,1.0,563.6718229348135,,,,50.901594452081376,,,
inf,1,660,False,False,False,1.0,498.99142006378156,,,,127.00587695127477,,,
inf,1,660,False,False,False,1.0,334.73042249692077,,,,22.35432800925093,,,
inf,1,660,,True,False,,,,,,,,,
inf,1,660,False,False,False,1.0,280.3060778029946,,,,164.54169524821694,,,
inf,1,660,False,False,False,1.0,439.5236594487663,,,,163.633577013982,,,
inf,1,660,False,False,False,1.0,644.1771617840654,,,,146.67212103613858,,,
inf,1,660,,True,False,,,,,,,,,
inf,1,660,False,False,False,1.0,950.4648660124717,,,,302.03182351679413,,,
inf,1,660,False,False,False,1.0,475.91528948722157,,,,497.7902533706941,,,
inf,1,660,,True,False,,,,,,,,,
inf,1,660,False,False,False,1.0,338.7145687371338,,,,440.3793101511798,,,
inf,1,660,False,False,False,1.0,549.3298653576895,,,,190.9672072730897,,,
inf,1,660,False,False,False,1.0,340.24847034784034,,,,102.10651924134613,,,
inf,1,660,False,False,False,1.0,570.2890327270719,,,,25.021199159175122,,,
inf,1,660,False,False,False,1.0,1000.988000784438,,,,71.6016476760976,,,
inf,1,660,False,False,False,1.0,531.9176930244859,,,,217.17268378197258,,,
inf,1,660,False,False,False,1.0,830.6013000984524,,,,382.818068914033,,,
inf,1,660,False,False,False,1.0,770.4374991325341,,,,17.944335670499967,,,
inf,1,660,False,False,False,1.0,563.1551925800703,,,,373.48797420865264,,,
inf,1,660,False,False,False,1.0,514.2594838045574,,,,313.9870151630102,,,
inf,1,660,False,False,False,1.0,317.8609539120008,,,,352.60885974945586,,,
inf,1,660,False,False,False,1.0,384.84470532523943,,,,55.770993377294474,,,
inf,1,660,,True,False,,,,,,,,,
inf,1,660,False,False,False,1.0,772.2262400571976,,,,288.6459059345824,,,
inf,1,660,False,False,False,1.0,205.02823924992566,,,,124.34172744011798,,,
inf,1,660,False,False,False,1.0,387.26849022888763,,,,147.14800140056423,,,
inf,1,660,False,False,False,1.0,774.7899727587237,,,,272.36508197021595,,,
inf,1,660,False,False,False,1.0,147.79683519343115,,,,262.66768878577915,,,
inf,1,660,False,False,False,1.0,222.799202166655,,,,168.78094757071472,,,
inf,1,660,False,False,False,1.0,930.0371667064832,,,,59.2758021940149,,,
inf,1,660,False,False,False,1.0,132.26326315592684,,,,489.8566090060738,,,
inf,1,660,False,False,False,1.0,414.3183933686071,,,,311.4060980035378,,,
inf,1,660,False,False,False,1.0,729.0924432008591,,,,291.2001611663987,,,
inf,1,660,False,False,False,1.0,541.7113062954656,,,,316.689362776118,,,
inf,1,660,False,False,False,1.0,936.088565786399,,,,400.36157856156655,,,
inf,1,660,False,False,False,1.0,1113.8651605499456,,,,485.7658411790878,,,
inf,1,660,False,False,False,1.0,840.2397273734761,,,,294.17065810891535,,,
inf,1,660,False,False,False,1.0,1161.4683612535455,,,,645.9024236744941,,,
inf,2,660,False,False,False,1.0,214.8502279811055,565.329170093164,,,194.1234108491485,471.3903975696942,,
inf,2,660,False,False,False,1.0,526.0568324479823,270.35758127877773,,,223.17450317407463,42.059568496151975,,
inf,2,660,False,False,False,1.0,563.2443000366767,185.58973060729602,,,594.784338987049,16.244224515701124,,
inf,2,660,False,False,False,1.0,77.61898476593181,722.1302989600159,,,352.53960457486323,262.5479026132089,,
inf,2,660,False,False,False,1.0,380.50254489783634,367.0092369877102,,,367.8917917583166,248.85054358411395,,
inf,2,660,False,False,False,1.0,92.34868859123385,511.16716920509714,,,76.15716716552711,269.97474459329317,,
inf,2,660,False,False,False,1.0,137.19667770729077,313.0192545849276,,,237.49979800621145,327.8523588365687,,
inf,2,660,False,False,False,1.0,635.6658693676346,554.6927861389524,,,541.6098324867081,272.8916154792635,,
inf,2,660,False,False,False,1.0,848.4742374612439,46.862060641074095,,,491.3237052533974,112.05276009247201,,
inf,2,660,False,False,False,1.0,985.3865016523284,353.0264836439914,,,333.7738599475333,396.02959221990665,,
inf,2,660,True,False,False,,,,,,,,,
inf,2,660,False,False,False,1.0,541.7363441743155,535.0549781728837,,,317.63701361632764,314.3944121029278,,
inf,2,660,False,False,False,1.0,293.2295930521317,74.2244985822354,,,155.3905282570424,170.2740069830437,,
inf,2,660,False,False,False,1.0,288.22411923100594,46.181264575323205,,,137.5297837613601,272.39143870111616,,
inf,2,660,False,False,False,1.0,118.18658699910858,394.5657233166069,,,118.1872961507823,394.565727537192,,
inf,2,660,True,False,False,,,,,,,,,
inf,2,660,False,False,False,1.0,443.39040308174725,311.546814130551,,,511.3348661292224,350.53319128420264,,
inf,2,660,False,False,False,1.0,305.6800072514939,254.0928462976724,,,44.47000124047129,195.9788521537381,,
inf,2,660,False,False,False,1.0,201.3179358525666,308.26769315839135,,,284.6664043407845,326.9794255786228,,
inf,2,660,False,False,False,1.0,690.6398485561048,101.42158924817592,,,524.2439509276109,435.15149812535844,,
inf,3,660,False,False,False,1.0,930.5261118671634,697.6519255553807,1033.544320597586,,398.6543016748205,442.2899407935765,416.2256854742823,
inf,3,660,False,False,False,1.0,450.145251485568,1027.3901474183326,216.41583500352772,,15.304433187087284,104.22822749858605,455.58297540564774,
inf,3,660,True,False,False,,,,,,,,,
inf,3,660,False,False,False,0.6666666666666666,84.56012047189647,280.95612768001195,,,295.6154586823718,305.98068676082585,,
inf,3,660,False,False,False,1.0,628.4733878289461,617.9777933860601,629.132826890612,,143.44333146642853,250.668894641367,82.46593718614477,
inf,3,660,False,False,False,1.0,394.61264277402483,258.7528677292785,229.2319176379716,,379.8947977164569,261.1927088346656,122.39394338341191,
inf,3,660,False,False,False,1.0,542.1022352286087,419.77579224654846,103.14551015709958,,266.62413627588217,51.84569459594705,354.35527092308234,
inf,3,660,False,False,False,1.0,211.44715375230246,352.1656638322377,418.3214447696558,,250.73134062430313,223.85956186284466,503.2315388237162,
inf,3,660,False,False,False,1.0,480.10148133711834,261.50813841700074,345.86807268093713,,276.316091547322,316.82098592627557,312.20558982020174,
inf,3,660,False,False,False,1.0,477.14488146204144,235.54872906937578,86.84336695341187,,482.46522712692195,235.54873079004375,62.27323387056486,
inf,3,660,False,False,False,1.0,319.02483347385,357.3648282938705,447.94036309586045,,86.30271890685064,356.2180948200994,310.8894030952962,
inf,3,660,False,False,False,1.0,196.97648367163941,106.72263210656332,405.71934403811593,,212.04897483264475,288.7830062492675,351.11631222583856,
inf,3,660,False,False,False,1.0,593.8189761228199,207.09708762111086,656.8749623794548,,492.1961982055972,166.5686425421711,183.5734684409405,
inf,3,660,False,False,False,1.0,314.367838592295,165.1681924017017,234.76578292566293,,135.77157757686996,121.87763211808816,325.2500181963803,
inf,3,660,False,False,False,1.0,404.8925243710901,271.0859168136753,181.11982119711956,,370.67581049005724,109.28860589346658,314.0522278649067,
inf,3,660,False,False,False,1.0,111.07990850400675,220.03587304214838,312.7625404250249,,140.45479614771673,374.81800544484264,126.65350302654144,
inf,3,660,False,False,False,1.0,475.2772790944159,142.16248967863868,1208.2539059976493,,337.5559254837772,493.9367180261389,414.7459210616104,
inf,3,660,False,False,False,1.0,708.6499854844691,618.4629793955924,483.4339067893077,,630.8379335968334,287.32767643045827,214.8718056568009,
inf,3,660,False,False,False,1.0,1695.156813329863,469.0483618118359,1408.9249073273118,,316.6602132485085,439.170935107761,485.92862811807026,
inf,3,660,True,False,False,,,,,,,,,
inf,3,660,False,False,False,1.0,954.886520581648,462.72238478618937,657.5846121485703,,176.61443098206567,160.54347454495235,153.0370961256677,
inf,3,660,False,False,False,1.0,118.10132941510935,303.14002695398483,523.0840458145618,,152.74426123193206,169.08140337878334,612.6676272632978,
inf,3,660,False,False,False,1.0,332.0342247753182,236.81532458291665,446.7229656527259,,333.0926170635219,305.25014757429375,602.6768813962415,
inf,3,660,False,False,False,1.0,232.13211335624086,449.7145655398128,517.9400142257626,,118.70914407271933,568.9162804344638,358.66003732142025,
inf,3,660,False,False,False,1.0,358.38452804615315,352.7977260192874,146.95924048259593,,358.38452804615315,425.66775092324553,195.70916935625087,
inf,4,660,False,False,False,1.0,1018.688160647394,329.6333085019116,841.7248075697536,447.99105100787096,389.4577959416889,191.75314728001902,354.125178246943,261.7278350219013
inf,4,660,False,False,False,1.0,363.98040325891776,525.4064393921008,483.35913422445765,54.82344226924343,220.07942015860223,445.25659561931,162.41056265892078,77.60386017142048
inf,4,660,False,False,False,1.0,161.2753345395977,532.5042941436377,3180.2652554423944,748.1936304180641,192.4867760670309,175.12357201238177,56.388802575904734,245.21024115661885
inf,4,660,False,False,False,1.0,287.4846471504494,416.2110776200061,299.88069619150525,346.8962718984166,253.56031957945325,458.2262443064754,291.3851624733442,327.84185135036
inf,4,660,True,False,False,,,,,,,,,
inf,4,660,False,False,False,0.75,496.8603949373603,1800.230644876978,112.51406336437663,,292.64458151022706,710.9739155522668,160.8065535521185,
inf,4,660,False,False,False,1.0,930.9535484950711,513.8038759956478,94.72745673653029,491.1450663858478,536.0467402505565,140.8901118221661,382.02152111374045,239.64650251658787
inf,4,660,False,False,False,1.0,806.198339942576,641.4683297763089,430.7086615208903,383.4903154227908,679.7610939564565,225.0881643061082,140.07179530377482,379.66342201062656
inf,4,660,False,False,False,1.0,157.91974398473664,253.1214875194552,205.76196525893872,663.5080739857767,195.87927020196523,238.7515124445449,350.47023612743664,273.83050804660513
inf,4,660,True,False,False,,,,,,,,,
inf,4,660,False,False,False,1.0,535.3579334649397,957.6826757273462,993.476476818588,605.1080030816802,133.1625019755253,240.6288786600692,369.10462156529974,501.61006750306126
inf,4,660,False,False,False,1.0,141.87030329310343,685.3925590984294,267.7714847439179,457.7338593899529,123.7446830793157,464.734860754781,325.72584253106487,315.6403742541656
inf,4,660,False,False,False,1.0,475.49135632837135,813.8028078625878,418.500046047507,588.835469470391,300.0322952045499,541.3824047199723,151.19869387172204,194.67748597796515
inf,4,660,False,False,False,1.0,309.9089116789339,379.4650982132732,384.94862063063636,217.61326928660185,112.24506363295218,521.7500791232512,327.5874390330979,305.5874595165357
inf,4,660,False,False,False,1.0,189.98700351087913,817.9799441532407,272.54087775705045,104.44206425211665,94.7532994142677,502.6332217873936,532.4676473303042,144.6447225333638
inf,4,660,False,False,False,1.0,799.3407746923612,132.29492612729857,483.67850693131726,266.23598502433293,153.8188186464807,331.4417336688502,227.2731178783993,328.1487917691694
inf,4,660,False,False,False,1.0,339.5448623165057,444.2534667381128,261.1393134552674,326.42608416859724,79.55219292122452,157.06507999115146,56.71163894211273,301.33320926218715
inf,4,660,False,False,False,0.75,1090.2843488358358,532.1551152676557,1547.6202597452664,,503.6427401723437,84.72582053975049,185.12674426546403,
inf,4,660,False,False,False,1.0,957.7080362527314,473.21163416368364,181.6629220200375,521.2404948109,220.50221344554475,266.0761012857032,351.0019943844233,502.6796427856719
inf,4,660,True,False,False,,,,,,,,,
inf,4,660,False,False,False,0.75,111.30090057998804,537.2082194045689,338.4556722160158,,140.8551434819623,148.91890050149104,374.64142446203044,
inf,4,660,False,False,False,1.0,215.03910217670511,252.62649945678112,749.3210233636592,425.5868281005515,97.62697280915472,269.65387987344184,126.26401163305391,124.33004691532729
inf,4,660,False,False,False,0.75,539.3800749679871,2255.6277991024285,551.6057452714972,,160.07486032430722,139.37385804290457,490.3109344551185,
inf,4,660,False,False,False,0.75,184.93486241967346,1020.954909465943,574.9532098591058,,208.58003160104053,146.66696168238883,239.50095534255064,
inf,4,660,False,False,False,0.75,974.9930177651964,899.59154941197,896.5702071651034,,260.7527108060106,429.39089149330835,432.97920133136233,
inf,4,660,False,False,False,1.0,1494.134877310336,479.57862948095016,1343.9621261897487,70.84893743143859,148.51376871448127,422.7521624153785,517.680397954741,298.1129165565235
inf,4,660,False,False,False,1.0,840.7841705708818,478.52639018595244,328.49262631244994,696.1376897368948,387.9931168812143,135.16925987113183,125.98066206351685,891.0764539898082
inf,4,660,False,False,False,0.75,2382.592855201653,199.30680536892416,529.4972767916781,,675.2880578468087,472.0361671025125,447.6319257718619,
inf,4,660,False,False,False,1.0,1075.8982111822772,260.3322270670481,267.3818030539503,178.59042726784944,216.81004215229925,184.46821065178116,138.92339860946248,393.45555222007545
inf,4,660,False,False,False,1.0,703.144287228409,314.772240976873,332.7499091440787,440.3832493497352,468.3098917050451,217.03701746382347,42.38558731934221,273.3490940302429
inf,4,660,False,False,False,1.0,321.4102246741247,830.4213769181855,1657.9969651591625,977.1710013150386,336.74492359747654,660.9169418194834,510.81622552262024,286.15420550638964
inf,4,660,False,False,False,0.75,821.5856078204952,479.1593626432302,334.98253414462835,,90.33941241162512,388.91675026112665,92.362301511645,
inf,4,660,False,False,False,1.0,419.5776336309319,334.8128597605557,313.6631675356896,296.16554902027246,244.90710494086503,293.3922467726464,327.743006121285,48.01201530562542
inf,4,660,False,False,False,0.75,1506.8312278482076,491.8547116478065,440.6728733581754,,419.7459675131936,194.61136379614874,510.5582719691798,
inf,4,660,False,False,False,1.0,706.6854606509737,1539.1679163219037,249.1086228448665,398.84933258041747,238.9573619801917,276.1494596513163,264.2450545162048,339.65219332334954
inf,4,660,False,False,False,1.0,264.1289844770114,194.8246537857509,54.71040774574016,187.49592304288197,61.496782847093996,299.009149360388,505.3834030316477,88.89954227854304
inf,4,660,False,False,False,1.0,259.24719181073704,355.7798875431817,481.29787974129476,386.3191508557152,301.93405997305223,308.13433109454877,628.6060353674962,415.07980584048704
inf,4,660,False,False,False,1.0,620.4633029232956,788.4751991700687,851.8502185730327,334.6287395795483,487.50961448087213,433.6989280302031,373.9466555477431,219.5930165516155
inf,4,660,False,False,False,0.75,444.66088071713943,867.5015887882963,92.39568090227695,,392.59452183612564,502.2065640381357,289.1540255381054,
inf,4,660,False,False,False,0.75,629.084684455129,414.96832639785043,1553.0625947087117,,472.90469892968775,453.0118732167658,296.5081741323934,
inf,4,660,False,False,False,0.75,206.38954940077926,254.0949570195612,2956.2926610988047,,357.3860170561441,56.788003453524965,86.54004795793486,
inf,3,660,False,False,False,1.0,1646.0817090093237,254.032378692,961.4166986555535,,460.41948944481754,249.4933301714634,637.36536321356,
inf,3,660,False,False,False,1.0,371.37324223263454,288.3139145940296,831.0517990092484,,595.5359795335846,298.10741301095237,605.7119683473103,
inf,3,660,False,False,False,1.0,654.9866500538216,602.4177778249829,625.8557005439917,,447.9870521754633,149.65583551159207,144.73406726716556,
inf,3,660,False,False,False,1.0,288.67986746453323,190.739573166182,322.9193316324631,,288.67984104273256,179.54364011876126,322.9193316324631,
inf,3,660,False,False,False,1.0,231.41030500149228,223.71333155933206,232.22471597803113,,67.3263828042094,124.93430377000713,251.51107110251996,
inf,3,660,False,False,False,1.0,223.927673090304,347.8519206116508,280.1962789981818,,129.8540906179203,294.15637760251803,307.06529667604224,
inf,3,660,False,False,False,1.0,473.79106197535134,360.6545658621203,74.60134925711802,,473.79106197535134,265.957754607886,348.16459450038354,
inf,3,660,False,False,False,1.0,576.471587280407,628.5474644279639,169.33390426258748,,404.9740435385693,664.0344426737435,119.48013442952153,
inf,3,660,False,False,False,1.0,109.25831605306736,127.99076649783521,333.0230598874968,,82.98490194875835,207.5999198895364,289.6980447224275,
inf,3,660,False,False,False,1.0,356.1554712014677,131.12951903515733,64.19993891379868,,187.33296890134596,260.9802077296027,209.16377051672433,
inf,3,660,False,False,False,1.0,589.8506722168895,241.66534915361976,190.2549058619713,,562.9196940246457,342.7953065474683,362.47418817927036,
inf,3,660,False,False,False,1.0,756.1717880831043,224.9959064716451,364.0625717547481,,551.0325888345938,574.1179462248234,352.94367329051386,
inf,3,660,False,False,False,1.0,397.6491603504996,233.04163877171564,430.9549318403829,,523.7834353276656,219.34734081363604,21.073338210976598,
inf,3,660,True,False,False,,,,,,,,,
inf,3,660,False,False,False,1.0,274.0475272933706,281.4490832986587,475.8287309095547,,225.12278019364317,491.2790319698886,405.6621582798179,
inf,2,660,False,False,False,1.0,146.76455564711188,88.84916631828796,,,278.28860474974095,183.07739271381314,,
inf,2,660,False,False,False,1.0,492.91576940452205,116.57017652101281,,,181.59539872598688,272.1063686575593,,
inf,2,660,False,False,False,1.0,145.6956693885354,364.8924787758552,,,57.544552472709796,181.88009247908042,,
inf,2,660,False,False,False,1.0,1649.198260033206,241.62475451772735,,,710.1378720151021,453.9996753566201,,
inf,2,660,False,False,False,1.0,198.3812421288598,282.4607146869933,,,294.08504595186037,432.6881451782957,,
inf,2,660,False,False,False,1.0,360.5061579926386,348.406336036034,,,420.5882081602224,295.97830606460934,,
inf,2,660,False,False,False,1.0,508.7147207470308,520.5077246107244,,,540.9120472868153,350.6577439255279,,
inf,2,660,False,False,False,1.0,205.27639093910756,243.590033382355,,,164.0259654097805,231.64924866826104,,
inf,2,660,False,False,False,1.0,130.80535836806513,263.73770645450077,,,130.80535836806513,207.0078443772947,,
inf,2,660,False,False,False,1.0,789.7701965203877,377.7646178976332,,,671.2436153590521,321.1618881485876,,
inf,2,660,False,False,False,1.0,186.1158004220691,916.9921321787616,,,194.42258085351222,349.01062976505364,,
inf,2,660,False,False,False,1.0,1371.064350160312,445.6252428901249,,,713.9015292333695,480.1320311640126,,
inf,2,660,False,False,False,1.0,109.57720430388756,339.84276364192885,,,440.72478371629325,362.82381511870295,,
inf,2,660,False,False,False,1.0,493.6728339586818,276.92112034156355,,,312.2823078379069,517.3961834910698,,
inf,2,660,False,False,False,1.0,472.9356471359779,710.3821498871799,,,472.9356446159295,590.4264525349695,,
inf,2,660,False,False,False,1.0,231.7177240398467,444.1673100399596,,,219.24793020753805,96.34678086915838,,
inf,2,660,False,False,False,1.0,748.2697216045987,932.9762183840485,,,134.07942923051795,377.38560271382113,,
inf,2,660,False,False,False,1.0,324.25466452491037,452.67678236179546,,,457.7557947360763,242.39876791350247,,
inf,2,660,False,False,False,1.0,837.1271763687556,1062.7508376665708,,,479.17896172077457,149.42757800346388,,
inf,2,660,False,False,False,1.0,129.60453806888222,697.2622359765562,,,109.88594376902915,409.9744478881448,,
